Tender_ID,Tender_Title,Department,Procurement_Category,Location,Tender_Date,Closing_Date,Estimated_Cost_INR,Contract_Value_INR,Winning_Vendor_ID,Winning_Vendor,Number_of_Bidders,Bid_Amounts_INR,Contract_Duration_Days,Procurement_Method,Other_Bidder_1_ID,Other_Bidder_2_ID,Contract_to_Estimate_Ratio,Bid_Spread_Percent,Payment_Amount_INR,Contract_Status,Investigation_Case_ID,Seed_Investigation_Pattern,Seed_Case_Reason
T-5000,IT Equipment Procurement - Kalaburagi Zone,Rural Development Department,IT Equipment,Kalaburagi,2026-05-07,2026-06-13,1678511.09,1484236.39,V-1044,Vendor B19,2,1480901.2|1634420.18,485,Open Tender,,,0.884,10.367,908685.12,Active,,,
T-5001,Office Supplies Procurement - Bengaluru Zone,Public Works Department,Office Supplies,Bengaluru,2025-01-21,2025-02-15,917871.96,833566.16,V-1062,Vendor C11,7,822944.05|887827.41|895423.54|904722.55|909795.61|954974.04|987244.84,242,Request for Proposal,,,0.908,19.965,820879.38,Active,,,
T-5002,School Infrastructure Procurement - Mangaluru Zone,Water Resources Department,School Infrastructure,Mangaluru,2025-10-20,2025-11-10,4561073.41,4221268.85,V-1104,Vendor E1,8,4211521.05|4282386.3|4364219.15|4649489.87|4686138.69|4848653.05|4888287.01|4922156.6,437,e-Procurement,,,0.925,16.874,3881306.33,Completed,,,
T-5003,Medical Supplies Procurement - Udupi Zone,Energy Department,Medical Supplies,Udupi,2024-03-30,2024-04-28,855506.88,775632.3,V-1027,Vendor B2,5,766146.56|844572.88|872302.49|919566.35|921588.07,490,e-Procurement,,,0.907,20.289,497969.55,Active,,,
T-5004,Vehicle Maintenance Procurement - Mangaluru Zone,Water Resources Department,Vehicle Maintenance,Mangaluru,2024-09-09,2024-09-29,1121635.34,1032166.71,V-1068,Vendor C17,8,992953.92|997182.87|1071490.02|1080862.33|1124644.73|1168868.15|1181320.67|1196275.34,311,Open Tender,,,0.92,20.476,654160.7,Completed,,,
T-5005,IT Equipment Procurement - Bengaluru Zone,Municipal Administration,IT Equipment,Bengaluru,2025-04-05,2025-05-01,2819519.37,2889356.88,V-1068,Vendor C17,5,2794387.13|2914812.02|3013934.1|3043184.41|3044921.71,114,Limited Tender,,,1.025,8.966,1752532.24,Completed,,,
T-5006,Road Infrastructure Procurement - Mangaluru Zone,Municipal Administration,Road Infrastructure,Mangaluru,2025-11-15,2025-11-29,3768650.49,3441978.66,V-1112,Vendor E9,8,3333133.74|3351759.71|3518918.97|3548393.4|3675346.77|3691894.53|3886985.47|3943042.15,430,Open Tender,,,0.913,18.298,2107421.49,Completed,,,
T-5007,Office Supplies Procurement - Hubballi Zone,Rural Development Department,Office Supplies,Hubballi,2026-05-02,2026-06-04,1317344.21,1187007.72,V-1102,Vendor D25,8,1163094.97|1195192.54|1251017.37|1251631.81|1262606.99|1274523.92|1314687.84|1397480.55,364,Open Tender,,,0.901,20.152,1052487.47,Completed,,,
T-5008,Medical Supplies Procurement - Mangaluru Zone,Rural Development Department,Medical Supplies,Mangaluru,2024-03-21,2024-04-30,1785487.74,1606506.15,V-1083,Vendor D6,8,1598319.82|1617251.85|1656984.62|1688625.61|1735185.47|1747141.93|1797415.11|1921196.44,403,e-Procurement,,,0.9,20.201,1223104.49,Active,,,
T-5009,Electrical Equipment Procurement - Udupi Zone,Transport Department,Electrical Equipment,Udupi,2025-11-26,2025-12-26,3807111.38,3405317.85,V-1026,Vendor B1,6,3381376.29|3478888.93|3481466.2|3496671.15|3562382.9|3858551.34,542,Limited Tender,,,0.894,14.112,3072687.69,Completed,,,
T-5010,Medical Supplies Procurement - Mysuru Zone,Transport Department,Medical Supplies,Mysuru,2026-08-02,2026-08-19,5303598.16,4832114.81,V-1072,Vendor C21,7,4669918.97|4765060.82|4833675.69|5067361.01|5177526.74|5209891.02|5396713.13,654,Limited Tender,,,0.911,15.563,4280358.34,Active,,,
T-5011,Office Supplies Procurement - Belagavi Zone,Transport Department,Office Supplies,Belagavi,2025-12-26,2026-01-22,1068360.44,981941.44,V-1077,Vendor C26,5,947995.37|994095.92|1038987.95|1092580.09|1099870.87,535,Open Tender,,,0.919,16.021,807230.22,Completed,,,
T-5012,Office Supplies Procurement - Tumakuru Zone,Education Department,Office Supplies,Tumakuru,2025-09-22,2025-10-19,631616.57,575146.23,V-1056,Vendor C5,6,567091.17|585283.25|599142.24|615696.04|623447.94|662023.85,140,Limited Tender,,,0.911,16.74,493972.95,Active,,,
T-5013,Medical Supplies Procurement - Belagavi Zone,Municipal Administration,Medical Supplies,Belagavi,2026-07-24,2026-08-24,1017451.81,980377.69,V-1040,Vendor B15,6,945081.11|962580.33|964024.78|996746.2|1018989.23|1078427.17,306,Open Tender,,,0.964,14.109,547305.72,Completed,,,
T-5014,Electrical Equipment Procurement - Udupi Zone,Rural Development Department,Electrical Equipment,Udupi,2024-12-15,2025-01-17,1588262.58,1442592.31,V-1094,Vendor D17,4,1403465.84|1414073.21|1415349.54|1665234.24,252,e-Procurement,,,0.908,18.652,995821.39,Completed,,,
T-5015,School Infrastructure Procurement - Udupi Zone,Transport Department,School Infrastructure,Udupi,2026-04-26,2026-05-25,3276753.56,3103765.36,V-1119,Vendor E16,8,3017940.86|3195896.05|3234179.84|3354384.62|3357293.61|3421495.29|3433108.81|3517918.74,254,e-Procurement,,,0.947,16.567,2597913.62,Completed,,,
T-5016,Office Supplies Procurement - Bengaluru Zone,Transport Department,Office Supplies,Bengaluru,2024-03-30,2024-04-10,622454.41,592419.0,V-1010,Vendor A11,7,587676.91|593725.71|604312.1|616055.96|616095.66|621692.91|663787.17,625,Open Tender,,,0.952,12.951,328321.71,Active,,,
T-5017,Road Infrastructure Procurement - Bengaluru Zone,Water Resources Department,Road Infrastructure,Bengaluru,2026-02-15,2026-03-10,5374174.85,4939302.02,V-1118,Vendor E15,13,4780967.68|4843957.96|4949616.98|5136882.01|5168363.62|5504871.08|5531073.38|5569272.96|5583003.95|5643665.49|5725054.11|5732028.33|5794359.52,320,Open Tender,,,0.919,21.196,2789913.5,Completed,,,
T-5018,IT Equipment Procurement - Kalaburagi Zone,Water Resources Department,IT Equipment,Kalaburagi,2025-07-27,2025-09-07,4036626.5,3985845.15,V-1088,Vendor D11,6,3917100.86|3988010.23|4056084.29|4103620.02|4128485.96|4278555.61,694,Open Tender,,,0.987,9.228,3720186.94,Active,,,
T-5019,Office Supplies Procurement - Mysuru Zone,Rural Development Department,Office Supplies,Mysuru,2026-08-31,2026-10-12,198759.72,182238.43,V-1066,Vendor C15,10,180444.89|180937.92|187300.11|188221.7|196114.67|199557.65|199861.17|206256.82|206472.6|210442.52,283,Open Tender,,,0.917,16.624,156326.16,Completed,,,
T-5020,Medical Supplies Procurement - Hubballi Zone,Health Department,Medical Supplies,Hubballi,2025-09-26,2025-10-07,1439557.2,1336180.97,V-1005,Vendor A6,7,1298662.48|1303515.78|1309973.28|1332814.43|1381193.89|1496360.79|1510513.63,440,e-Procurement,,,0.928,16.313,894461.43,Payment Pending,CASE-001,Repeated Winner,Vendor V-1005 repeatedly wins comparable tenders in the same procurement period.
T-5021,School Infrastructure Procurement - Udupi Zone,Education Department,School Infrastructure,Udupi,2026-03-04,2026-04-08,2940246.25,2767216.43,V-1005,Vendor A6,3,2721110.28|2788837.84|3151399.92,331,e-Procurement,,,0.941,15.813,2378652.97,Completed,CASE-001,Repeated Winner,Vendor V-1005 repeatedly wins comparable tenders in the same procurement period.
T-5022,Vehicle Maintenance Procurement - Belagavi Zone,Health Department,Vehicle Maintenance,Belagavi,2026-08-15,2026-09-21,1035063.48,1056922.89,V-1005,Vendor A6,5,1027845.61|1055071.43|1091396.59|1101824.95|1103816.18,407,Open Tender,,,1.021,7.391,958212.11,Completed,CASE-001,Repeated Winner,Vendor V-1005 repeatedly wins comparable tenders in the same procurement period.
T-5023,Vehicle Maintenance Procurement - Belagavi Zone,Education Department,Vehicle Maintenance,Belagavi,2024-10-23,2024-11-10,1141903.2,1058496.22,V-1005,Vendor A6,8,1042676.49|1047426.9|1056807.57|1058751.18|1076002.65|1080730.62|1143706.12|1196141.5,231,e-Procurement,,,0.927,14.718,728306.19,Payment Pending,CASE-001,Repeated Winner,Vendor V-1005 repeatedly wins comparable tenders in the same procurement period.
T-5024,Medical Supplies Procurement - Tumakuru Zone,Water Resources Department,Medical Supplies,Tumakuru,2026-03-13,2026-04-18,2876350.3,2852927.87,V-1005,Vendor A6,2,2799091.6|3062139.65,558,Limited Tender,,,0.992,9.398,1615375.75,Completed,CASE-001,Repeated Winner,Vendor V-1005 repeatedly wins comparable tenders in the same procurement period.
T-5025,School Infrastructure Procurement - Mangaluru Zone,Education Department,School Infrastructure,Mangaluru,2024-06-30,2024-08-04,4483562.79,4020061.65,V-1005,Vendor A6,3,3975915.13|4224837.16|4645415.56,185,Open Tender,,,0.897,16.839,3898457.22,Completed,CASE-001,Repeated Winner,Vendor V-1005 repeatedly wins comparable tenders in the same procurement period.
T-5026,Office Supplies Procurement - Bengaluru Zone,Public Works Department,Office Supplies,Bengaluru,2024-03-24,2024-04-03,2448519.24,2240615.71,V-1005,Vendor A6,2,2196492.99|2642870.09,170,Open Tender,,,0.915,20.322,1580375.56,Completed,CASE-001,Repeated Winner,Vendor V-1005 repeatedly wins comparable tenders in the same procurement period.
T-5027,IT Equipment Procurement - Belagavi Zone,Education Department,IT Equipment,Belagavi,2025-12-23,2026-01-19,1953994.63,1772971.68,V-1005,Vendor A6,2,1733798.84|1903998.53,619,e-Procurement,,,0.907,9.817,1060089.54,Completed,CASE-001,Repeated Winner,Vendor V-1005 repeatedly wins comparable tenders in the same procurement period.
T-5028,Medical Supplies Procurement - Dharwad Zone,Health Department,Medical Supplies,Dharwad,2024-04-22,2024-05-04,3572028.07,3226670.88,V-1005,Vendor A6,2,3216955.25|3382255.37,487,e-Procurement,,,0.903,5.138,2488846.09,Active,CASE-001,Repeated Winner,Vendor V-1005 repeatedly wins comparable tenders in the same procurement period.
T-5029,School Infrastructure Procurement - Bengaluru Zone,Health Department,School Infrastructure,Bengaluru,2024-03-27,2024-05-07,3907227.45,3467500.75,V-1056,Vendor C5,9,3453762.87|3519715.34|3577883.08|3611819.3|3618932.52|3624487.02|3948445.66|3963407.71|4063450.98,117,e-Procurement,,,0.887,17.653,3106223.61,Completed,,,
T-5030,Water Infrastructure Procurement - Udupi Zone,Energy Department,Water Infrastructure,Udupi,2025-05-14,2025-05-24,3310749.63,3054674.51,V-1094,Vendor D17,8,2971017.07|2994756.39|3127989.67|3332760.01|3339172.79|3400738.86|3475047.63|3493797.06,552,Open Tender,,,0.923,17.596,1984748.16,Completed,,,
T-5031,IT Equipment Procurement - Shivamogga Zone,Health Department,IT Equipment,Shivamogga,2024-04-28,2024-05-29,3789689.52,3641570.96,V-1037,Vendor B12,3,3609874.74|3921445.29|3987562.87,393,Open Tender,,,0.961,10.463,2444479.24,Active,,,
T-5032,Water Infrastructure Procurement - Belagavi Zone,Health Department,Water Infrastructure,Belagavi,2024-02-28,2024-04-03,6389044.18,6000488.89,V-1080,Vendor D3,7,5900950.73|6136740.88|6241812.96|6277181.8|6446614.79|6515350.28|6570093.01,471,Request for Proposal,,,0.939,11.34,3955652.75,Completed,,,
T-5033,Office Supplies Procurement - Hubballi Zone,Health Department,Office Supplies,Hubballi,2024-03-15,2024-04-05,748024.93,675676.45,V-1041,Vendor B16,10,659906.97|678740.71|689143.59|699261.97|741169.73|744511.68|755717.68|782395.45|789000.25|792909.22,484,Limited Tender,,,0.903,20.155,673144.61,Completed,,,
T-5034,Medical Supplies Procurement - Hubballi Zone,Public Works Department,Medical Supplies,Hubballi,2025-04-20,2025-06-02,1429749.14,1310897.46,V-1001,Vendor A2,10,1281855.51|1305727.94|1328336.78|1340731.17|1343141.15|1359883.8|1369498.26|1430650.49|1463790.3|1469219.83,84,e-Procurement,,,0.917,14.617,837442.83,Active,,,
T-5035,Water Infrastructure Procurement - Hubballi Zone,Municipal Administration,Water Infrastructure,Hubballi,2024-11-07,2024-11-18,8380614.53,7824535.88,V-1106,Vendor E3,3,7634190.3|8793624.37|8976034.25,530,Open Tender,,,0.934,17.577,6329925.1,Completed,,,
T-5036,Road Infrastructure Procurement - Bengaluru Zone,Energy Department,Road Infrastructure,Bengaluru,2024-08-04,2024-08-25,12204836.9,11159402.14,V-1024,Vendor A25,11,10963805.32|11074226.28|11341715.79|11404553.87|11621381.98|12180990.27|12435987.89|12691604.55|12739658.51|12979388.98|13059754.85,347,Request for Proposal,,,0.914,19.117,10784101.28,Completed,,,
T-5037,Electrical Equipment Procurement - Hubballi Zone,Education Department,Electrical Equipment,Hubballi,2024-03-21,2024-04-21,4463374.52,4055394.67,V-1069,Vendor C18,9,3967194.95|3973827.86|4452897.87|4505031.12|4525788.08|4546549.69|4734179.78|4803105.87|4819867.36,279,Open Tender,,,0.909,21.493,2498542.67,Completed,,,
T-5038,Vehicle Maintenance Procurement - Shivamogga Zone,Rural Development Department,Vehicle Maintenance,Shivamogga,2024-05-16,2024-06-25,1079278.4,1020152.55,V-1058,Vendor C7,6,1018644.65|1052126.83|1128691.11|1132065.78|1135841.8|1153590.28,181,Open Tender,,,0.945,13.248,1006772.63,Payment Pending,,,
T-5039,Vehicle Maintenance Procurement - Mysuru Zone,Transport Department,Vehicle Maintenance,Mysuru,2024-05-10,2024-06-22,676349.64,661911.11,V-1054,Vendor C3,10,649902.4|651663.7|652923.19|665550.78|668017.21|672619.94|684689.73|694997.38|703941.59|713774.14,443,Open Tender,,,0.979,9.828,646266.68,Completed,,,
T-5040,Vehicle Maintenance Procurement - Mysuru Zone,Water Resources Department,Vehicle Maintenance,Mysuru,2025-02-19,2025-03-03,5008112.56,4871673.24,V-1107,Vendor E4,5,4825583.67|4829179.72|5145918.1|5176659.0|5392819.21,458,Open Tender,,,0.973,11.755,4618625.84,Active,,,
T-5041,Medical Supplies Procurement - Udupi Zone,Municipal Administration,Medical Supplies,Udupi,2024-05-25,2024-06-09,621427.27,568147.04,V-1087,Vendor D10,3,562321.77|646034.46|665724.56,469,e-Procurement,,,0.914,18.389,367335.72,Completed,,,
T-5042,IT Equipment Procurement - Mysuru Zone,Energy Department,IT Equipment,Mysuru,2024-06-01,2024-06-13,2369990.55,2185443.01,V-1071,Vendor C20,7,2169265.64|2190101.73|2194928.74|2328605.07|2373657.78|2393522.97|2532444.77,546,Open Tender,,,0.922,16.742,1825554.69,Completed,,,
T-5043,Office Supplies Procurement - Bengaluru Zone,Rural Development Department,Office Supplies,Bengaluru,2025-06-04,2025-07-08,570042.4,568282.56,V-1049,Vendor B24,4,554466.64|557636.72|603952.64|615228.04,358,e-Procurement,,,0.997,10.959,507136.02,Completed,,,
T-5044,Medical Supplies Procurement - Tumakuru Zone,Water Resources Department,Medical Supplies,Tumakuru,2026-08-09,2026-09-02,1284992.5,1152727.17,V-1008,Vendor A9,6,1139896.9|1142198.14|1215359.11|1319741.95|1349805.86|1370210.51,67,Open Tender,,,0.897,20.205,1145479.48,Completed,,,
T-5045,Electrical Equipment Procurement - Kalaburagi Zone,Water Resources Department,Electrical Equipment,Kalaburagi,2026-07-02,2026-08-13,1654950.58,1527782.53,V-1080,Vendor D3,7,1476718.04|1627173.56|1636341.95|1645457.43|1675509.04|1748589.76|1756403.59,291,Limited Tender,,,0.923,18.94,964322.16,Completed,,,
T-5046,Electrical Equipment Procurement - Bengaluru Zone,Energy Department,Electrical Equipment,Bengaluru,2025-07-24,2025-08-12,2749851.85,2565211.45,V-1106,Vendor E3,8,2478075.24|2523935.87|2551142.07|2675864.34|2804293.82|2904743.93|2931391.76|2948564.55,701,Open Tender,,,0.933,18.986,2295124.58,Completed,,,
T-5047,Office Supplies Procurement - Mysuru Zone,Municipal Administration,Office Supplies,Mysuru,2024-12-21,2025-02-03,1657556.26,1492318.2,V-1011,Vendor A12,7,1460766.49|1544777.32|1553805.88|1663167.72|1668102.8|1668829.53|1783923.76,355,Open Tender,,,0.9,22.122,1048294.63,Payment Pending,,,
T-5048,Medical Supplies Procurement - Tumakuru Zone,Rural Development Department,Medical Supplies,Tumakuru,2024-08-11,2024-09-15,1483878.52,1344144.01,V-1078,Vendor D1,9,1325801.12|1325945.49|1336235.5|1395131.77|1478587.15|1509960.87|1515981.37|1582416.4|1583959.74,149,Open Tender,,,0.906,19.472,845509.47,Completed,,,
T-5049,Water Infrastructure Procurement - Udupi Zone,Health Department,Water Infrastructure,Udupi,2026-02-01,2026-03-16,7342399.64,6557952.4,V-1006,Vendor A7,5,6557682.36|6832115.72|7007341.76|7663681.97|7667686.96,459,Limited Tender,,,0.893,16.927,4850390.29,Completed,,,
T-5050,Road Infrastructure Procurement - Mangaluru Zone,Transport Department,Road Infrastructure,Mangaluru,2025-01-31,2025-02-25,8401122.2,11277887.47,V-1028,Vendor B3,9,7531406.18|7646798.69|7763930.03|7852124.87|8119407.03|8492713.27|8536379.09|8558529.36|8990651.73,113,Open Tender,,,1.342,19.375,10231594.55,Payment Pending,CASE-002,Price Anomaly,Contract value is substantially above the estimated cost and comparable procurement baseline.
T-5051,Vehicle Maintenance Procurement - Mangaluru Zone,Public Works Department,Vehicle Maintenance,Mangaluru,2025-05-21,2025-06-24,1966313.07,2909386.4,V-1014,Vendor A15,6,1809149.27|1915791.59|1951664.15|2011508.4|2023665.32|2071755.75,686,Open Tender,,,1.48,14.515,2208754.98,Completed,CASE-002,Price Anomaly,Contract value is substantially above the estimated cost and comparable procurement baseline.
T-5052,Office Supplies Procurement - Mysuru Zone,Energy Department,Office Supplies,Mysuru,2024-07-17,2024-08-04,416412.98,621505.64,V-1052,Vendor C1,7,366546.01|381888.92|404928.08|416273.67|417021.48|442383.49|447020.27,707,Open Tender,,,1.493,21.955,492161.24,Active,CASE-002,Price Anomaly,Contract value is substantially above the estimated cost and comparable procurement baseline.
T-5053,Office Supplies Procurement - Dharwad Zone,Transport Department,Office Supplies,Dharwad,2025-05-15,2025-06-25,1111465.05,1050770.09,V-1010,Vendor A11,5,1011339.97|1066016.15|1081366.26|1129349.99|1196903.68,40,e-Procurement,,,0.945,18.348,1048481.23,Completed,,,
T-5054,School Infrastructure Procurement - Dharwad Zone,Public Works Department,School Infrastructure,Dharwad,2025-02-28,2025-04-11,4440558.07,3957020.11,V-1087,Vendor D10,5,3924003.61|3998982.23|4037286.19|4336077.4|4414718.02,271,Open Tender,,,0.891,12.505,2887038.65,Completed,,,
T-5055,Road Infrastructure Procurement - Bengaluru Zone,Health Department,Road Infrastructure,Bengaluru,2026-01-14,2026-02-03,6899087.59,6358803.85,V-1115,Vendor E12,6,6348345.97|6515628.99|6564897.65|7027678.22|7204635.38|7419922.32,346,e-Procurement,,,0.922,16.88,5258287.83,Completed,,,
T-5056,Road Infrastructure Procurement - Dharwad Zone,Municipal Administration,Road Infrastructure,Dharwad,2024-03-13,2024-04-02,8266723.55,8447558.43,V-1113,Vendor E10,5,8286990.22|8308560.87|8569984.54|8820927.69|8841013.6,113,Limited Tender,,,1.022,6.685,6034596.92,Completed,,,
T-5057,Medical Supplies Procurement - Dharwad Zone,Municipal Administration,Medical Supplies,Dharwad,2025-02-13,2025-03-02,1308591.23,1177591.55,V-1059,Vendor C8,6,1167355.53|1172924.34|1193316.04|1216231.71|1343030.61|1379721.95,660,Open Tender,,,0.9,18.192,855818.83,Completed,,,
T-5058,IT Equipment Procurement - Mysuru Zone,Energy Department,IT Equipment,Mysuru,2026-08-23,2026-09-22,1496341.84,1350524.1,V-1095,Vendor D18,8,1341179.12|1377705.36|1382787.79|1437464.19|1441994.64|1464402.98|1479127.52|1568301.64,188,Open Tender,,,0.903,16.935,1165554.08,Active,,,
T-5059,School Infrastructure Procurement - Hubballi Zone,Energy Department,School Infrastructure,Hubballi,2025-05-30,2025-06-20,7276558.88,6570745.29,V-1059,Vendor C8,8,6461743.19|7041694.0|7111626.86|7245524.95|7458847.83|7665172.96|7674474.94|7714173.85,672,e-Procurement,,,0.903,19.382,6387087.3,Completed,,,
T-5060,Vehicle Maintenance Procurement - Bengaluru Zone,Energy Department,Vehicle Maintenance,Bengaluru,2026-05-16,2026-05-27,923445.22,857971.13,V-1093,Vendor D16,10,845817.3|846056.26|856503.45|858292.67|894874.8|903550.12|907712.92|970427.36|973449.76|992037.83,174,Open Tender,,,0.929,17.287,681281.87,Completed,,,
T-5061,School Infrastructure Procurement - Mysuru Zone,Public Works Department,School Infrastructure,Mysuru,2024-06-11,2024-06-25,2207813.34,2058430.66,V-1039,Vendor B14,9,2046499.03|2047538.39|2088984.13|2118025.88|2138057.2|2141039.16|2207245.48|2238453.55|2333088.93,305,Limited Tender,,,0.932,14.004,1843900.95,Active,,,
T-5062,Road Infrastructure Procurement - Tumakuru Zone,Transport Department,Road Infrastructure,Tumakuru,2025-07-29,2025-09-04,3921073.9,3951839.94,V-1106,Vendor E3,3,3822757.58|3971110.35|4028042.37,396,e-Procurement,,,1.008,5.37,2332150.49,Active,,,
T-5063,IT Equipment Procurement - Udupi Zone,Transport Department,IT Equipment,Udupi,2026-05-31,2026-07-08,1265861.38,1157667.44,V-1100,Vendor D23,8,1115208.68|1124483.11|1151514.4|1193999.98|1242375.81|1350389.28|1358299.32|1363745.41,214,Limited Tender,,,0.915,22.286,746719.95,Payment Pending,,,
T-5064,Office Supplies Procurement - Mysuru Zone,Energy Department,Office Supplies,Mysuru,2026-07-07,2026-08-19,433528.16,409131.16,V-1044,Vendor B19,8,393950.72|395045.07|395584.21|397835.71|401842.57|444871.82|445051.25|462992.45,222,e-Procurement,,,0.944,17.525,317469.1,Completed,,,
T-5065,IT Equipment Procurement - Kalaburagi Zone,Health Department,IT Equipment,Kalaburagi,2025-02-17,2025-03-12,9376150.68,8781629.17,V-1007,Vendor A8,6,8463119.54|9377293.71|9692163.27|9742777.62|9872353.15|9973744.89,82,e-Procurement,,,0.937,17.85,4908977.03,Completed,,,
T-5066,Medical Supplies Procurement - Mysuru Zone,Public Works Department,Medical Supplies,Mysuru,2025-12-04,2026-01-16,3128692.17,2859115.22,V-1072,Vendor C21,6,2809866.98|2821523.2|2933890.78|3160299.25|3232058.44|3332479.43,623,e-Procurement,,,0.914,18.599,1897837.05,Completed,,,
T-5067,IT Equipment Procurement - Bengaluru Zone,Rural Development Department,IT Equipment,Bengaluru,2024-12-09,2025-01-16,4284769.91,4161383.63,V-1084,Vendor D7,3,4048752.64|4084638.2|4110099.29,502,Limited Tender,,,0.971,1.515,3257658.36,Completed,,,
T-5068,Road Infrastructure Procurement - Mangaluru Zone,Energy Department,Road Infrastructure,Mangaluru,2026-07-28,2026-09-04,8185550.88,7975020.56,V-1071,Vendor C20,6,7825035.94|7962075.59|8053078.85|8217458.72|8297222.75|8616657.08,183,Open Tender,,,0.974,10.117,4439953.45,Completed,,,
T-5069,Medical Supplies Procurement - Hubballi Zone,Water Resources Department,Medical Supplies,Hubballi,2024-10-26,2024-11-19,476512.27,421195.79,V-1086,Vendor D9,5,421068.41|437988.92|487769.69|496810.33|510394.55,80,Open Tender,,,0.884,21.214,281799.29,Completed,,,
T-5070,Vehicle Maintenance Procurement - Dharwad Zone,Water Resources Department,Vehicle Maintenance,Dharwad,2026-02-25,2026-04-05,1177971.59,1186802.57,V-1111,Vendor E8,4,1159850.79|1162012.48|1194485.82|1255624.86,687,Open Tender,,,1.007,8.257,927265.31,Active,,,
T-5071,School Infrastructure Procurement - Kalaburagi Zone,Water Resources Department,School Infrastructure,Kalaburagi,2024-12-10,2024-12-26,2513875.92,2309773.41,V-1107,Vendor E4,7,2265945.88|2303433.51|2341204.21|2476249.93|2497441.32|2568701.68|2696346.55,414,Open Tender,,,0.919,18.994,1866105.58,Completed,,,
T-5072,Medical Supplies Procurement - Shivamogga Zone,Water Resources Department,Medical Supplies,Shivamogga,2026-07-06,2026-07-19,1849027.28,1709075.94,V-1008,Vendor A9,7,1691776.17|1760559.65|1832991.42|1866262.4|1911873.75|1920674.81|1962147.47,79,e-Procurement,,,0.924,15.982,1651972.74,Completed,,,
T-5073,School Infrastructure Procurement - Shivamogga Zone,Transport Department,School Infrastructure,Shivamogga,2024-07-20,2024-08-26,6213661.97,5638565.91,V-1073,Vendor C22,8,5497398.97|5586970.11|5676819.23|5737372.1|6029448.86|6197019.87|6383759.41|6540248.41,484,Limited Tender,,,0.907,18.97,4738681.97,Completed,,,
T-5074,Road Infrastructure Procurement - Tumakuru Zone,Health Department,Road Infrastructure,Tumakuru,2024-09-10,2024-10-08,6298347.97,6291811.75,V-1006,Vendor A7,5,6051854.28|6081936.25|6414786.98|6418198.68|6446482.3,609,e-Procurement,,,0.999,6.521,4634744.28,Completed,,,
T-5075,Electrical Equipment Procurement - Shivamogga Zone,Health Department,Electrical Equipment,Shivamogga,2025-09-12,2025-09-29,1200848.94,1101032.44,V-1040,Vendor B15,2,1182836.21|1191242.15,259,Limited Tender,,,0.917,0.711,1066523.91,Completed,CASE-003,Low Competition,"High-value procurements received only two bids, below the normal competition level."
T-5076,Water Infrastructure Procurement - Kalaburagi Zone,Education Department,Water Infrastructure,Kalaburagi,2024-09-15,2024-09-29,2630006.63,2398807.64,V-1034,Vendor B9,2,2590556.53|2608966.58,506,e-Procurement,,,0.912,0.711,2166596.69,Active,CASE-003,Low Competition,"High-value procurements received only two bids, below the normal competition level."
T-5077,Office Supplies Procurement - Kalaburagi Zone,Public Works Department,Office Supplies,Kalaburagi,2025-03-21,2025-04-04,1391458.4,1297645.67,V-1011,Vendor A12,2,1370586.52|1380326.73,277,Limited Tender,,,0.933,0.711,830498.44,Active,CASE-003,Low Competition,"High-value procurements received only two bids, below the normal competition level."
T-5078,Water Infrastructure Procurement - Hubballi Zone,Public Works Department,Water Infrastructure,Hubballi,2024-03-24,2024-04-23,3973752.6,3595535.8,V-1102,Vendor D25,7,3547058.22|3590403.91|3623509.24|3677594.62|3899712.39|3980497.18|4184112.09,478,Open Tender,,,0.905,17.96,2189246.47,Active,,,
T-5079,Water Infrastructure Procurement - Shivamogga Zone,Transport Department,Water Infrastructure,Shivamogga,2025-10-27,2025-11-20,7429642.2,6969007.63,V-1034,Vendor B9,13,6748014.21|6853075.95|7119146.7|7128264.38|7282762.63|7329314.09|7340089.19|7379975.58|7391880.87|7471173.98|7540052.34|7610066.71|7706434.94,434,Open Tender,,,0.938,14.203,5952335.6,Active,,,
T-5080,Medical Supplies Procurement - Mangaluru Zone,Education Department,Medical Supplies,Mangaluru,2025-04-10,2025-04-25,1888551.06,1746396.2,V-1009,Vendor A10,8,1711980.86|1727963.27|1845893.19|1890912.86|1950801.41|1972584.24|1987516.61|2010459.75,54,e-Procurement,,,0.925,17.435,1400517.93,Payment Pending,,,
T-5081,Electrical Equipment Procurement - Hubballi Zone,Health Department,Electrical Equipment,Hubballi,2026-08-21,2026-09-22,2908751.87,2621594.0,V-1095,Vendor D18,7,2559895.08|2569991.54|2721284.34|2905430.51|3055032.21|3069376.17|3104481.3,496,Open Tender,,,0.901,21.274,2373468.32,Active,,,
T-5082,IT Equipment Procurement - Mysuru Zone,Water Resources Department,IT Equipment,Mysuru,2026-02-16,2026-04-01,2393597.4,2154443.05,V-1049,Vendor B24,3,2134026.39|2439092.61|2577271.97,178,Open Tender,,,0.9,20.77,1901214.71,Active,,,
T-5083,Water Infrastructure Procurement - Mangaluru Zone,Municipal Administration,Water Infrastructure,Mangaluru,2024-09-19,2024-11-02,4846526.29,4561808.91,V-1003,Vendor A4,7,4433362.44|4478968.28|4486811.88|4490447.68|4878697.17|4900539.54|5086929.39,548,Limited Tender,,,0.941,14.742,3792437.9,Completed,,,
T-5084,Water Infrastructure Procurement - Shivamogga Zone,Municipal Administration,Water Infrastructure,Shivamogga,2026-01-10,2026-01-20,7551703.04,6817402.34,V-1054,Vendor C3,6,6674485.55|6852581.03|7037905.12|7274032.96|7372492.3|7793795.27,42,Open Tender,,,0.903,16.77,6775625.14,Completed,,,
T-5085,Vehicle Maintenance Procurement - Hubballi Zone,Health Department,Vehicle Maintenance,Hubballi,2025-11-23,2025-12-20,694587.68,635032.44,V-1059,Vendor C8,6,628907.44|631968.91|648191.9|680603.39|700990.41|731353.65,256,Open Tender,,,0.914,16.29,501748.9,Active,,,
T-5086,Vehicle Maintenance Procurement - Dharwad Zone,Transport Department,Vehicle Maintenance,Dharwad,2025-07-07,2025-08-06,1403558.78,1269302.39,V-1104,Vendor E1,7,1256582.84|1263806.3|1313553.53|1420034.36|1462194.82|1496283.18|1499795.51,313,e-Procurement,,,0.904,19.355,762720.75,Completed,,,
T-5087,Electrical Equipment Procurement - Dharwad Zone,Health Department,Electrical Equipment,Dharwad,2024-07-18,2024-07-28,2691258.16,2398846.31,V-1086,Vendor D9,6,2390737.69|2449135.89|2644011.47|2647341.14|2734440.89|2765232.11,650,e-Procurement,,,0.891,15.664,2213470.91,Completed,,,
T-5088,Electrical Equipment Procurement - Bengaluru Zone,Education Department,Electrical Equipment,Bengaluru,2025-10-06,2025-11-16,576840.85,532678.81,V-1030,Vendor B5,7,518971.67|527706.62|528985.62|541830.71|547964.57|583921.06|596990.3,549,Open Tender,,,0.923,15.033,353343.97,Active,,,
T-5089,Office Supplies Procurement - Bengaluru Zone,Municipal Administration,Office Supplies,Bengaluru,2024-08-10,2024-09-09,480632.88,443530.95,V-1072,Vendor C21,8,426989.57|434625.4|442728.95|459671.49|473933.07|482076.03|484853.25|497419.83,705,Open Tender,,,0.923,16.495,399082.92,Active,,,
T-5090,Medical Supplies Procurement - Dharwad Zone,Energy Department,Medical Supplies,Dharwad,2026-02-19,2026-03-22,4172203.44,3765679.32,V-1031,Vendor B6,8,3708033.81|3750820.66|3764001.7|3802244.51|3985282.79|4130558.13|4170978.13|4185971.48,443,Request for Proposal,,,0.903,12.889,3692994.91,Payment Pending,,,
T-5091,Electrical Equipment Procurement - Mangaluru Zone,Transport Department,Electrical Equipment,Mangaluru,2025-11-16,2025-12-17,1129308.9,1058220.87,V-1038,Vendor B13,9,1050763.44|1097810.11|1141993.72|1158330.04|1164326.95|1169161.64|1183967.13|1184987.07|1201342.22,691,Request for Proposal,,,0.937,14.33,913835.08,Completed,,,
T-5092,School Infrastructure Procurement - Mysuru Zone,Municipal Administration,School Infrastructure,Mysuru,2026-02-08,2026-03-22,5606383.0,5257314.22,V-1026,Vendor B1,5,5102566.63|5317523.8|5397171.23|5481241.95|6015794.44,725,e-Procurement,,,0.938,17.897,4301605.85,Completed,,,
T-5093,IT Equipment Procurement - Shivamogga Zone,Municipal Administration,IT Equipment,Shivamogga,2025-02-16,2025-03-02,2733982.21,2434796.62,V-1024,Vendor A25,4,2411006.84|2493430.95|2658282.33|2822082.89,544,Request for Proposal,,,0.891,17.05,1843564.16,Active,,,
T-5094,IT Equipment Procurement - Kalaburagi Zone,Energy Department,IT Equipment,Kalaburagi,2026-05-15,2026-06-15,2885376.2,2730643.27,V-1045,Vendor B20,3,2647635.47|2744214.69|2894601.01,263,e-Procurement,,,0.946,9.328,1949636.81,Completed,,,
T-5095,School Infrastructure Procurement - Bengaluru Zone,Municipal Administration,School Infrastructure,Bengaluru,2026-08-31,2026-09-13,2027201.53,1862780.36,V-1114,Vendor E11,4,1834501.45|1974623.65|1987488.74|2125306.07,49,e-Procurement,,,0.919,15.852,1320435.84,Completed,,,
T-5096,IT Equipment Procurement - Kalaburagi Zone,Municipal Administration,IT Equipment,Kalaburagi,2026-03-15,2026-03-28,2012949.34,1839205.77,V-1044,Vendor B19,5,1797504.82|1808832.51|1965030.24|2008199.7|2029989.17,565,e-Procurement,,,0.914,12.934,1538252.33,Active,,,
T-5097,IT Equipment Procurement - Mangaluru Zone,Health Department,IT Equipment,Mangaluru,2026-03-27,2026-05-08,1448461.81,1334656.21,V-1023,Vendor A24,7,1317362.26|1371472.68|1402168.68|1424495.28|1479656.15|1502025.05|1503102.12,175,Open Tender,,,0.921,14.099,1185272.01,Completed,,,
T-5098,IT Equipment Procurement - Tumakuru Zone,Public Works Department,IT Equipment,Tumakuru,2024-04-27,2024-06-05,1423314.03,1335970.48,V-1003,Vendor A4,11,1299569.43|1303258.2|1310284.78|1393756.46|1413507.39|1447769.78|1463162.95|1465221.97|1523035.04|1531385.33|1534653.18,283,Limited Tender,,,0.939,18.089,1142699.21,Completed,,,
T-5099,Road Infrastructure Procurement - Mangaluru Zone,Municipal Administration,Road Infrastructure,Mangaluru,2026-01-26,2026-02-10,5804101.05,5426485.3,V-1063,Vendor C12,3,5323639.21|5639481.53|6039333.5,631,Open Tender,,,0.935,13.444,3469068.19,Active,,,
T-5100,Office Supplies Procurement - Mysuru Zone,Rural Development Department,Office Supplies,Mysuru,2026-07-19,2026-08-18,1745459.11,1698659.9,V-1069,Vendor C18,4,1681841.49|1683020.55|1684368.04|1685547.1,437,Open Tender,,,0.973,0.22,1311865.24,Completed,CASE-004,Bid Clustering,Multiple bids are unusually close to one another compared with the normal bid spread.
T-5101,Water Infrastructure Procurement - Shivamogga Zone,Municipal Administration,Water Infrastructure,Shivamogga,2024-06-11,2024-07-10,9769263.48,9507330.23,V-1009,Vendor A10,4,9413198.25|9419797.39|9427339.26|9433938.4,279,Limited Tender,,,0.973,0.22,8615904.24,Completed,CASE-004,Bid Clustering,Multiple bids are unusually close to one another compared with the normal bid spread.
T-5102,School Infrastructure Procurement - Mysuru Zone,Water Resources Department,School Infrastructure,Mysuru,2026-07-17,2026-08-16,4101034.11,3991077.29,V-1014,Vendor A15,4,3951561.67|3954331.92|3957497.92|3960268.16,111,Open Tender,,,0.973,0.22,3049449.79,Active,CASE-004,Bid Clustering,Multiple bids are unusually close to one another compared with the normal bid spread.
T-5103,Medical Supplies Procurement - Hubballi Zone,Rural Development Department,Medical Supplies,Hubballi,2024-10-31,2024-11-26,2326402.67,2264027.22,V-1011,Vendor A12,4,2241611.11|2243182.59|2244978.58|2246550.06,693,Open Tender,,,0.973,0.22,1791933.34,Completed,CASE-004,Bid Clustering,Multiple bids are unusually close to one another compared with the normal bid spread.
T-5104,School Infrastructure Procurement - Kalaburagi Zone,Health Department,School Infrastructure,Kalaburagi,2024-02-12,2024-03-02,4958584.18,4542271.32,V-1016,Vendor A17,6,4503346.11|4587827.92|4788634.21|4971377.49|5022240.41|5203457.64,127,e-Procurement,,,0.916,15.546,4074468.35,Active,,,
T-5105,Vehicle Maintenance Procurement - Shivamogga Zone,Education Department,Vehicle Maintenance,Shivamogga,2024-03-26,2024-04-24,2017363.76,1814825.01,V-1037,Vendor B12,5,1796243.18|1856524.91|1960570.89|2092521.94|2100642.0,183,Open Tender,,,0.9,16.946,1538190.12,Completed,,,
T-5106,School Infrastructure Procurement - Dharwad Zone,Municipal Administration,School Infrastructure,Dharwad,2025-10-16,2025-10-28,5375066.77,5012178.92,V-1085,Vendor D8,6,4903802.22|5004717.52|5329895.51|5332262.17|5537103.01|5747707.2,73,Limited Tender,,,0.932,17.209,3679967.9,Active,,,
T-5107,IT Equipment Procurement - Dharwad Zone,Transport Department,IT Equipment,Dharwad,2025-11-09,2025-11-27,4425594.18,4026891.03,V-1049,Vendor B24,8,3977200.03|3977756.01|4059795.19|4067660.33|4139206.63|4210219.08|4284924.15|4564984.36,588,Open Tender,,,0.91,14.779,3837368.3,Active,,,
T-5108,Electrical Equipment Procurement - Mysuru Zone,Municipal Administration,Electrical Equipment,Mysuru,2025-07-07,2025-08-18,6681671.63,6531633.56,V-1001,Vendor A2,2,6303170.54|7025349.1,249,Open Tender,,,0.978,11.457,4070221.29,Completed,,,
T-5109,Electrical Equipment Procurement - Hubballi Zone,Energy Department,Electrical Equipment,Hubballi,2026-07-16,2026-08-24,1301008.77,1181255.73,V-1003,Vendor A4,8,1175498.89|1228065.59|1271178.98|1337366.85|1352683.09|1367847.82|1396699.5|1402075.29,298,Open Tender,,,0.908,19.275,1178872.43,Completed,,,
T-5110,Water Infrastructure Procurement - Kalaburagi Zone,Transport Department,Water Infrastructure,Kalaburagi,2026-01-04,2026-01-19,3734833.58,3460824.93,V-1068,Vendor C17,7,3345967.63|3426644.04|3680603.52|3704772.42|3823986.77|3833057.08|3951646.69,240,e-Procurement,,,0.927,18.102,2088551.3,Payment Pending,,,
T-5111,IT Equipment Procurement - Mysuru Zone,Public Works Department,IT Equipment,Mysuru,2026-07-31,2026-08-27,1204332.71,1099140.47,V-1087,Vendor D10,9,1084052.99|1094009.09|1101666.14|1117590.44|1140553.19|1178852.03|1231313.14|1258763.3|1259310.32,343,e-Procurement,,,0.913,16.167,611921.71,Completed,,,
T-5112,Electrical Equipment Procurement - Dharwad Zone,Rural Development Department,Electrical Equipment,Dharwad,2024-09-29,2024-10-11,2078807.89,1836260.2,V-1014,Vendor A15,10,1830937.96|1842287.61|1873564.58|1898838.01|1934943.94|1960282.41|2101792.19|2112762.92|2136721.29|2241679.42,545,e-Procurement,,,0.883,22.433,1745380.94,Active,,,
T-5113,Water Infrastructure Procurement - Hubballi Zone,Rural Development Department,Water Infrastructure,Hubballi,2024-08-14,2024-09-06,4549555.7,4177998.93,V-1115,Vendor E12,10,4104599.57|4240446.93|4513560.19|4608686.19|4613915.82|4700659.89|4721026.04|4796327.68|4829075.88|4857383.03,641,Open Tender,,,0.918,18.34,2758436.38,Completed,,,
T-5114,IT Equipment Procurement - Mangaluru Zone,Municipal Administration,IT Equipment,Mangaluru,2025-06-25,2025-07-13,2369177.98,2174031.0,V-1112,Vendor E9,10,2093408.77|2104789.41|2217568.28|2223340.03|2435469.54|2442130.61|2466270.11|2491589.47|2516431.95|2519893.98,665,e-Procurement,,,0.918,20.373,1909592.37,Completed,,,
T-5115,IT Equipment Procurement - Udupi Zone,Transport Department,IT Equipment,Udupi,2025-02-01,2025-02-24,2028068.58,1811010.63,V-1035,Vendor B10,6,1789731.6|1823856.06|1882815.81|1906897.67|1974839.07|2027402.35,251,Limited Tender,,,0.893,13.28,1656996.71,Active,,,
T-5116,School Infrastructure Procurement - Belagavi Zone,Education Department,School Infrastructure,Belagavi,2025-05-28,2025-07-09,7589354.73,7123807.75,V-1040,Vendor B15,11,7061602.01|7085082.6|7111666.08|7330075.95|7485102.07|7548902.48|7629086.78|7678643.6|7876476.49|7950839.01|8179849.58,230,Request for Proposal,,,0.939,15.836,6671758.52,Completed,,,
T-5117,IT Equipment Procurement - Bengaluru Zone,Transport Department,IT Equipment,Bengaluru,2025-04-26,2025-06-03,2774749.91,2531700.95,V-1044,Vendor B19,9,2487400.73|2518098.74|2533249.37|2536444.35|2630915.59|2699517.14|2827165.19|2947159.87|2967932.62,208,Open Tender,,,0.912,19.319,2522124.55,Completed,,,
T-5118,School Infrastructure Procurement - Udupi Zone,Rural Development Department,School Infrastructure,Udupi,2025-02-09,2025-03-07,2749112.28,2483232.94,V-1090,Vendor D13,4,2458218.93|2697575.26|2767863.44|2828063.44,602,Limited Tender,,,0.903,15.045,1694354.21,Completed,,,
T-5119,IT Equipment Procurement - Belagavi Zone,Health Department,IT Equipment,Belagavi,2025-04-11,2025-05-03,2214847.8,2188018.05,V-1039,Vendor B14,2,2147280.83|2157148.25,78,Open Tender,,,0.988,0.46,1902721.29,Payment Pending,,,
T-5120,Electrical Equipment Procurement - Udupi Zone,Municipal Administration,Electrical Equipment,Udupi,2026-06-10,2026-06-28,1855255.12,1844249.84,V-1116,Vendor E13,2,1822850.39|1844883.74,373,Open Tender,,,0.994,1.209,1110109.19,Active,,,
T-5121,Road Infrastructure Procurement - Belagavi Zone,Public Works Department,Road Infrastructure,Belagavi,2026-02-27,2026-03-19,8468816.9,7516270.94,V-1040,Vendor B15,2,7502809.82|8596560.89,362,Request for Proposal,,,0.888,14.578,5509909.0,Completed,,,
T-5122,Road Infrastructure Procurement - Belagavi Zone,Water Resources Department,Road Infrastructure,Belagavi,2025-09-11,2025-10-13,11001036.02,9930880.73,V-1060,Vendor C9,7,9684355.26|10361595.78|11018429.13|11251931.47|11487718.08|11493421.24|11782242.72,699,Open Tender,,,0.903,21.663,9251481.99,Completed,,,
T-5123,Road Infrastructure Procurement - Udupi Zone,Rural Development Department,Road Infrastructure,Udupi,2026-04-29,2026-05-28,12549595.14,11537565.52,V-1032,Vendor B7,3,11347406.68|11969936.93|12188760.42,142,Open Tender,,,0.919,7.415,8254506.49,Completed,,,
T-5124,IT Equipment Procurement - Tumakuru Zone,Health Department,IT Equipment,Tumakuru,2026-07-23,2026-08-29,6662093.72,6090805.58,V-1073,Vendor C22,4,5876141.45|6344871.45|6653647.23|6710188.76,113,e-Procurement,,,0.914,14.194,4970054.24,Completed,,,
T-5125,Medical Supplies Procurement - Dharwad Zone,Water Resources Department,Medical Supplies,Dharwad,2025-01-21,2025-02-24,959576.97,868061.49,V-1080,Vendor D3,7,860623.93|921072.74|930569.55|946621.28|977786.36|999499.71|1019096.58,308,e-Procurement,,,0.905,18.414,674221.67,Payment Pending,,,
T-5126,School Infrastructure Procurement - Hubballi Zone,Municipal Administration,School Infrastructure,Hubballi,2025-03-13,2025-04-23,3823973.76,3621313.96,V-1044,Vendor B19,9,3575706.98|3599363.86|3694712.14|3706516.21|3968508.62|3975694.0|3994081.22|4020956.08|4066134.73,147,e-Procurement,,,0.947,13.716,3044359.66,Completed,,,
T-5127,Electrical Equipment Procurement - Shivamogga Zone,Public Works Department,Electrical Equipment,Shivamogga,2024-10-16,2024-11-04,1913946.15,1724536.81,V-1067,Vendor C16,3,1701413.32|1975922.34|2046637.91,473,Open Tender,,,0.901,20.29,1703501.73,Payment Pending,,,
T-5128,IT Equipment Procurement - Bengaluru Zone,Education Department,IT Equipment,Bengaluru,2026-05-30,2026-07-05,4250170.63,3856512.94,V-1033,Vendor B8,11,3824560.41|3829624.05|3855575.48|3882411.64|3934371.69|4192294.11|4215904.43|4233358.24|4455643.74|4566404.79|4571017.81,263,Open Tender,,,0.907,19.517,2217807.27,Completed,,,
T-5129,IT Equipment Procurement - Hubballi Zone,Municipal Administration,IT Equipment,Hubballi,2025-06-25,2025-07-21,2564217.82,2445416.62,V-1036,Vendor B11,6,2417527.5|2565727.06|2680483.23|2712123.79|2746748.51|2761156.5,138,Request for Proposal,,,0.954,14.214,1976587.91,Payment Pending,,,
T-5130,School Infrastructure Procurement - Hubballi Zone,Municipal Administration,School Infrastructure,Hubballi,2024-06-13,2024-07-26,19147761.91,20116035.17,V-1108,Vendor E5,2,19767773.38|20042536.67,445,e-Procurement,,,1.051,1.39,18876142.12,Completed,,,
T-5131,Road Infrastructure Procurement - Hubballi Zone,Health Department,Road Infrastructure,Hubballi,2026-07-30,2026-08-26,4333452.61,4090473.87,V-1010,Vendor A11,8,3934078.76|4114420.01|4161656.17|4198286.8|4237161.41|4296799.25|4316524.06|4356189.64,133,Open Tender,,,0.944,10.73,3135848.16,Completed,,,
T-5132,Medical Supplies Procurement - Mangaluru Zone,Energy Department,Medical Supplies,Mangaluru,2024-06-13,2024-07-03,1228948.7,1143397.84,V-1004,Vendor A5,8,1137453.4|1198359.19|1212575.82|1214944.73|1258970.25|1295304.35|1305009.47|1318423.26,516,Open Tender,,,0.93,15.91,669273.33,Active,,,
T-5133,Electrical Equipment Procurement - Udupi Zone,Public Works Department,Electrical Equipment,Udupi,2026-07-25,2026-08-14,2054263.88,1882528.78,V-1047,Vendor B22,4,1846237.78|1932013.6|2009863.47|2117790.43,446,Limited Tender,,,0.916,14.708,1510244.99,Completed,,,
T-5134,Office Supplies Procurement - Tumakuru Zone,Rural Development Department,Office Supplies,Tumakuru,2025-05-13,2025-06-08,1251266.58,1214974.28,V-1077,Vendor C26,7,1212090.88|1215224.91|1220356.14|1249116.09|1251796.36|1302966.25|1350397.66,366,e-Procurement,,,0.971,11.411,849793.41,Active,,,
T-5135,Electrical Equipment Procurement - Mangaluru Zone,Energy Department,Electrical Equipment,Mangaluru,2025-07-28,2025-08-18,2042281.33,1856337.23,V-1012,Vendor A13,9,1809685.69|1887372.45|2012556.41|2055574.17|2097026.63|2108694.84|2153401.18|2176768.58|2194036.33,223,Open Tender,,,0.909,21.239,1150416.37,Completed,,,
T-5136,Electrical Equipment Procurement - Tumakuru Zone,Education Department,Electrical Equipment,Tumakuru,2026-01-03,2026-01-13,3716105.22,3377797.54,V-1070,Vendor C19,8,3271895.04|3274383.54|3302994.67|3321476.8|3524192.47|3740561.9|3881045.76|3966638.36,705,e-Procurement,,,0.909,21.234,3148328.66,Completed,,,
T-5137,Electrical Equipment Procurement - Shivamogga Zone,Rural Development Department,Electrical Equipment,Shivamogga,2024-09-21,2024-10-17,1297646.14,1172948.67,V-1003,Vendor A4,9,1159060.09|1160696.84|1170735.85|1232457.73|1247584.64|1277552.51|1351689.26|1387881.35|1389808.92,404,e-Procurement,,,0.904,19.908,920436.02,Completed,,,
T-5138,Electrical Equipment Procurement - Dharwad Zone,Transport Department,Electrical Equipment,Dharwad,2024-07-06,2024-08-11,2813775.01,2649139.89,V-1055,Vendor C4,5,2606897.45|2634258.69|2642298.21|2928285.94|2999049.74,659,Open Tender,,,0.941,15.043,2569597.84,Payment Pending,,,
T-5139,Office Supplies Procurement - Bengaluru Zone,Water Resources Department,Office Supplies,Bengaluru,2026-07-01,2026-07-30,731043.66,692822.78,V-1020,Vendor A21,7,670782.69|674698.92|704159.01|709689.42|748558.22|754380.25|770071.67,189,Limited Tender,,,0.948,14.802,632344.5,Payment Pending,,,
T-5140,School Infrastructure Procurement - Udupi Zone,Health Department,School Infrastructure,Udupi,2024-02-22,2024-03-31,5125342.54,4652304.57,V-1062,Vendor C11,10,4633262.19|4672902.05|4788655.76|4921810.71|4922836.81|5249022.33|5250115.47|5354730.41|5414403.83|5450075.73,183,e-Procurement,,,0.908,17.629,4009529.64,Active,,,
T-5141,Water Infrastructure Procurement - Bengaluru Zone,Municipal Administration,Water Infrastructure,Bengaluru,2024-12-08,2025-01-03,3524970.03,3296199.11,V-1005,Vendor A6,13,3173807.15|3275982.98|3292599.28|3322882.03|3324942.19|3355936.38|3367980.6|3407812.31|3624306.55|3658166.29|3696080.47|3730738.15|3743478.09,727,Open Tender,,,0.935,17.949,1820363.79,Completed,,,
T-5142,Road Infrastructure Procurement - Tumakuru Zone,Water Resources Department,Road Infrastructure,Tumakuru,2025-09-23,2025-10-14,5033528.74,4677417.65,V-1084,Vendor D7,8,4535576.76|4729556.16|5100359.31|5136756.85|5147332.85|5195646.41|5386653.64|5402030.86,322,Open Tender,,,0.929,19.104,3473078.75,Completed,,,
T-5143,Water Infrastructure Procurement - Shivamogga Zone,Water Resources Department,Water Infrastructure,Shivamogga,2025-06-23,2025-07-13,5763765.85,5267420.15,V-1111,Vendor E8,9,5132466.37|5312904.17|5316490.77|5497142.31|5498417.36|5552240.76|5956929.97|6019884.42|6052355.31,129,e-Procurement,,,0.914,17.923,3365190.53,Completed,,,
T-5144,Vehicle Maintenance Procurement - Mysuru Zone,Water Resources Department,Vehicle Maintenance,Mysuru,2026-06-23,2026-07-03,1476016.34,1338915.45,V-1017,Vendor A18,4,1314303.58|1500280.24|1516487.69|1586597.07,385,Open Tender,,,0.907,20.718,1285170.13,Completed,,,
T-5145,IT Equipment Procurement - Tumakuru Zone,Education Department,IT Equipment,Tumakuru,2024-02-18,2024-03-15,2556901.77,2378302.24,V-1043,Vendor B18,4,2301143.49|2373770.78|2601925.97|2715976.19,427,Open Tender,,,0.93,18.027,1494912.3,Completed,,,
T-5146,IT Equipment Procurement - Dharwad Zone,Public Works Department,IT Equipment,Dharwad,2024-01-17,2024-02-22,2172972.0,2127694.93,V-1028,Vendor B3,8,2047749.65|2113908.52|2137783.89|2138767.71|2206671.44|2248122.71|2248587.68|2330946.74,531,Open Tender,,,0.979,13.83,1444124.05,Completed,,,
T-5147,Office Supplies Procurement - Tumakuru Zone,Education Department,Office Supplies,Tumakuru,2025-11-04,2025-11-25,606409.3,577138.83,V-1095,Vendor D18,3,569213.2|596459.4|627408.27,557,Limited Tender,,,0.952,10.224,451655.31,Completed,,,
T-5148,School Infrastructure Procurement - Shivamogga Zone,Water Resources Department,School Infrastructure,Shivamogga,2024-08-15,2024-09-16,4950137.29,4592272.88,V-1088,Vendor D11,7,4506929.51|4561150.47|4644361.62|4953396.27|5059174.39|5246606.18|5284151.21,247,Limited Tender,,,0.928,17.245,3069997.01,Completed,,,
T-5149,Road Infrastructure Procurement - Shivamogga Zone,Energy Department,Road Infrastructure,Shivamogga,2025-10-06,2025-10-26,25764075.92,23595433.53,V-1074,Vendor C23,8,23061965.62|23397918.39|23681478.5|23833734.83|24556672.13|25879569.28|26698393.94|27633354.19,490,e-Procurement,,,0.916,19.822,15205820.06,Active,,,
T-5150,School Infrastructure Procurement - Bengaluru Zone,Energy Department,School Infrastructure,Bengaluru,2024-02-18,2024-03-25,4140431.96,3669678.16,V-1053,Vendor C2,8,3650073.64|3695089.77|3765559.77|4014292.4|4032771.01|4166037.87|4229634.54|4380693.89,44,Open Tender,,,0.886,20.017,3007648.76,Completed,,,
T-5151,Vehicle Maintenance Procurement - Hubballi Zone,Health Department,Vehicle Maintenance,Hubballi,2025-01-24,2025-03-07,1906296.1,1779906.43,V-1081,Vendor D4,5,1746284.63|1852385.26|1886035.85|1891379.13|2006933.89,360,e-Procurement,,,0.934,14.926,1050177.34,Completed,,,
T-5152,Office Supplies Procurement - Dharwad Zone,Education Department,Office Supplies,Dharwad,2025-11-11,2025-12-24,718710.86,652914.99,V-1010,Vendor A11,7,634338.45|634505.26|657777.9|663220.2|698437.96|751684.11|764620.3,302,Request for Proposal,,,0.908,20.538,376193.62,Active,,,
T-5153,Electrical Equipment Procurement - Mysuru Zone,Water Resources Department,Electrical Equipment,Mysuru,2026-07-18,2026-08-06,1545951.47,1466729.67,V-1007,Vendor A8,8,1432181.76|1456286.27|1502119.0|1596528.53|1599468.92|1602022.77|1624859.0|1657311.86,577,Open Tender,,,0.949,15.719,1052393.77,Active,,,
T-5154,School Infrastructure Procurement - Kalaburagi Zone,Energy Department,School Infrastructure,Kalaburagi,2024-09-11,2024-10-17,2262234.73,2027120.94,V-1103,Vendor D26,8,2003964.33|2033929.67|2044382.71|2184731.48|2208343.84|2290482.81|2320537.7|2374460.62,575,Request for Proposal,,,0.896,18.488,1772309.82,Completed,,,
T-5155,Road Infrastructure Procurement - Shivamogga Zone,Energy Department,Road Infrastructure,Shivamogga,2026-01-22,2026-02-04,5351361.06,5049235.35,V-1093,Vendor D16,7,4977837.54|5091414.59|5312910.49|5326876.0|5552089.64|5692164.02|5726950.18,143,Request for Proposal,,,0.944,15.049,4037686.9,Completed,,,
T-5156,Vehicle Maintenance Procurement - Udupi Zone,Health Department,Vehicle Maintenance,Udupi,2025-09-19,2025-10-17,771157.02,727059.88,V-1064,Vendor C13,8,705642.88|722185.28|745957.8|758309.3|768086.1|768322.61|812301.39|825208.83,138,Open Tender,,,0.943,16.944,538238.37,Active,,,
T-5157,Office Supplies Procurement - Shivamogga Zone,Rural Development Department,Office Supplies,Shivamogga,2024-06-02,2024-06-26,630847.48,567436.47,V-1003,Vendor A4,9,559285.36|580942.51|587358.0|592453.43|623845.8|630065.54|635394.94|659003.57|667296.26,450,Limited Tender,,,0.899,19.312,456552.69,Completed,,,
T-5158,Electrical Equipment Procurement - Belagavi Zone,Rural Development Department,Electrical Equipment,Belagavi,2026-08-16,2026-09-17,4341142.52,4133839.03,V-1023,Vendor A24,4,4126345.05|4222450.17|4267915.61|4536309.74,610,Open Tender,,,0.952,9.935,2953434.39,Completed,,,
T-5159,Water Infrastructure Procurement - Tumakuru Zone,Water Resources Department,Water Infrastructure,Tumakuru,2026-04-04,2026-05-11,4196948.26,3802335.66,V-1069,Vendor C18,7,3694551.58|3739174.03|3883121.73|3886723.83|3948440.67|3948655.73|4510106.21,67,e-Procurement,,,0.906,22.075,3693078.78,Active,,,
T-5160,Office Supplies Procurement - Tumakuru Zone,Transport Department,Office Supplies,Tumakuru,2026-08-22,2026-09-16,968927.77,908826.53,V-1029,Vendor B4,10,887850.6|915693.94|924539.45|928851.99|990752.16|998818.86|1008981.99|1010936.5|1027439.42|1043507.77,600,Open Tender,,,0.938,17.532,522309.15,Active,,,
T-5161,Medical Supplies Procurement - Mysuru Zone,Health Department,Medical Supplies,Mysuru,2026-02-05,2026-03-11,688098.53,623930.95,V-1095,Vendor D18,7,611364.85|619634.92|642040.81|646339.19|688312.37|703845.54|709980.79,592,Open Tender,,,0.907,16.13,532229.43,Completed,,,
T-5162,Office Supplies Procurement - Belagavi Zone,Public Works Department,Office Supplies,Belagavi,2024-07-12,2024-07-24,1269208.13,1212119.91,V-1069,Vendor C18,9,1166463.35|1186473.94|1202095.06|1204565.32|1293220.39|1301948.9|1321771.35|1335636.18|1350689.9,366,e-Procurement,,,0.955,15.794,1152819.61,Active,,,
T-5163,Electrical Equipment Procurement - Shivamogga Zone,Transport Department,Electrical Equipment,Shivamogga,2024-07-10,2024-08-21,590524.84,538197.56,V-1014,Vendor A15,6,521558.85|534352.09|565396.51|579502.42|612040.17|626732.54,299,e-Procurement,,,0.911,20.165,490700.61,Payment Pending,,,
T-5164,School Infrastructure Procurement - Belagavi Zone,Rural Development Department,School Infrastructure,Belagavi,2024-11-10,2024-12-01,12671281.4,11531087.75,V-1096,Vendor D19,7,11281669.41|11605007.29|12430009.04|12971474.06|13178141.47|13336879.66|13601442.85,621,Open Tender,,,0.91,20.562,7297085.26,Completed,,,
T-5165,Road Infrastructure Procurement - Udupi Zone,Health Department,Road Infrastructure,Udupi,2024-04-04,2024-04-29,4327603.01,4014419.62,V-1119,Vendor E16,4,3869648.77|4079080.16|4242362.62|4514911.01,624,e-Procurement,,,0.928,16.675,2742518.43,Active,,,
T-5166,Electrical Equipment Procurement - Belagavi Zone,Transport Department,Electrical Equipment,Belagavi,2024-05-03,2024-05-31,1120388.85,1032648.48,V-1011,Vendor A12,5,1001258.62|1060795.36|1076587.79|1125160.02|1150123.76,226,Open Tender,,,0.922,14.868,901162.97,Active,,,
T-5167,Office Supplies Procurement - Shivamogga Zone,Municipal Administration,Office Supplies,Shivamogga,2025-03-27,2025-05-04,514725.24,464645.26,V-1086,Vendor D9,7,463394.04|481403.89|481561.77|496023.61|497432.42|530263.74|553882.31,231,Open Tender,,,0.903,19.527,273175.06,Active,,,
T-5168,Medical Supplies Procurement - Hubballi Zone,Municipal Administration,Medical Supplies,Hubballi,2025-02-15,2025-03-31,4138219.2,3779458.62,V-1089,Vendor D12,5,3702913.48|3810836.88|4071762.93|4123473.26|4142756.9,237,e-Procurement,,,0.913,11.878,3459481.21,Active,,,
T-5169,Medical Supplies Procurement - Dharwad Zone,Energy Department,Medical Supplies,Dharwad,2024-01-22,2024-02-20,2106264.62,1930529.09,V-1090,Vendor D13,4,1885352.68|1892296.35|1978747.48|2254302.68,512,e-Procurement,,,0.917,19.569,1686332.85,Active,,,
T-5170,Vehicle Maintenance Procurement - Mysuru Zone,Municipal Administration,Vehicle Maintenance,Mysuru,2026-07-06,2026-08-05,2308903.7,2109122.76,V-1047,Vendor B22,9,2032767.37|2085894.1|2112222.83|2130233.81|2147060.81|2239213.95|2274619.36|2301310.63|2314564.28,277,Limited Tender,,,0.913,13.863,1852491.01,Completed,,,
T-5171,Water Infrastructure Procurement - Tumakuru Zone,Health Department,Water Infrastructure,Tumakuru,2024-10-10,2024-11-23,2805008.34,2515966.14,V-1006,Vendor A7,10,2473074.84|2525569.53|2574178.93|2610397.72|2692266.81|2721000.72|2845658.8|2939537.44|3005611.88|3016509.87,536,Open Tender,,,0.897,21.974,1497273.13,Active,,,
T-5172,School Infrastructure Procurement - Udupi Zone,Public Works Department,School Infrastructure,Udupi,2025-08-27,2025-10-08,954197.49,882462.31,V-1018,Vendor A19,8,857134.9|877722.44|885881.16|952184.9|956734.07|961389.9|975963.26|1007149.73,395,Open Tender,,,0.925,17.502,770382.75,Completed,,,
T-5173,Medical Supplies Procurement - Belagavi Zone,Energy Department,Medical Supplies,Belagavi,2024-07-21,2024-08-12,4597646.06,4438075.71,V-1057,Vendor C6,6,4352163.82|4388177.66|4398369.59|4592867.46|4594975.53|4859679.06,533,Open Tender,,,0.965,11.661,3798629.58,Completed,,,
T-5174,Water Infrastructure Procurement - Bengaluru Zone,Health Department,Water Infrastructure,Bengaluru,2026-06-06,2026-06-30,4832066.77,4428972.35,V-1005,Vendor A6,10,4286050.87|4574620.81|4649742.71|4868746.28|5013146.87|5025077.65|5083163.99|5088353.16|5096596.25|5136735.52,121,Open Tender,,,0.917,19.848,4091994.52,Active,,,
T-5175,Water Infrastructure Procurement - Kalaburagi Zone,Rural Development Department,Water Infrastructure,Kalaburagi,2024-07-03,2024-07-15,7462615.62,6678984.42,V-1006,Vendor A7,3,6650945.84|7300073.48|7950835.8,150,Open Tender,,,0.895,19.544,3798459.87,Active,,,
T-5176,Vehicle Maintenance Procurement - Hubballi Zone,Municipal Administration,Vehicle Maintenance,Hubballi,2025-12-14,2026-01-17,1872384.33,1745031.34,V-1082,Vendor D5,8,1689052.39|1741301.31|1755992.22|1763713.72|1780184.07|1781343.75|1840555.92|1848250.73,340,Open Tender,,,0.932,9.425,977915.22,Active,,,
T-5177,Electrical Equipment Procurement - Hubballi Zone,Rural Development Department,Electrical Equipment,Hubballi,2025-07-01,2025-07-13,1026413.3,956049.33,V-1057,Vendor C6,10,924299.13|943040.43|983864.51|1006528.08|1016841.21|1042207.91|1075251.76|1079543.89|1083136.89|1096439.49,443,Open Tender,,,0.931,18.624,686303.07,Active,,,
T-5178,Road Infrastructure Procurement - Hubballi Zone,Municipal Administration,Road Infrastructure,Hubballi,2025-08-21,2025-09-17,10858774.87,10711880.05,V-1110,Vendor E7,4,10488726.49|10618527.63|11164180.41|11429886.49,635,Open Tender,,,0.986,8.973,6608745.04,Completed,,,
T-5179,Water Infrastructure Procurement - Bengaluru Zone,Public Works Department,Water Infrastructure,Bengaluru,2025-09-29,2025-10-27,4061248.95,3791359.13,V-1114,Vendor E11,3,3754512.0|3995639.12|4067546.06,147,Open Tender,,,0.934,8.338,3037913.76,Active,,,
T-5180,Electrical Equipment Procurement - Belagavi Zone,Transport Department,Electrical Equipment,Belagavi,2024-12-28,2025-02-04,696142.0,985446.17,V-1061,Vendor C10,10,615687.68|640961.21|658209.52|669948.23|688719.07|692718.29|707138.05|717526.74|733938.11|744191.7,324,Open Tender,,,1.416,20.872,948794.48,Completed,CASE-008,Price + Low Competition,Unusually high contract-to-estimate ratio combined with low bidder participation.
T-5181,Road Infrastructure Procurement - Shivamogga Zone,Health Department,Road Infrastructure,Shivamogga,2024-09-25,2024-11-02,12827478.86,18965706.56,V-1006,Vendor A7,6,12856562.87|13015392.29|13271275.56|13280261.42|13487603.76|13729101.9,658,Open Tender,,,1.479,6.787,13772248.97,Completed,,,
T-5182,School Infrastructure Procurement - Tumakuru Zone,Health Department,School Infrastructure,Tumakuru,2026-04-01,2026-04-28,5251046.65,4710924.92,V-1064,Vendor C13,11,4634959.92|4754703.46|4834571.94|4920765.04|5045802.83|5109326.42|5129584.09|5157117.82|5179188.6|5482721.53|5538983.26,464,Open Tender,,,0.897,19.504,4382232.71,Completed,,,
T-5183,Electrical Equipment Procurement - Belagavi Zone,Health Department,Electrical Equipment,Belagavi,2025-06-17,2025-07-25,1053870.81,957759.9,V-1103,Vendor D26,6,941436.44|943025.82|1006545.46|1064055.0|1096829.65|1131449.57,664,Open Tender,,,0.909,20.183,526871.76,Completed,,,
T-5184,IT Equipment Procurement - Mangaluru Zone,Education Department,IT Equipment,Mangaluru,2025-11-24,2025-12-18,3683210.8,3349567.53,V-1054,Vendor C3,10,3245139.63|3247386.54|3401568.49|3513469.44|3583203.17|3597752.48|3725000.13|3728650.05|3763332.17|3773624.6,77,Open Tender,,,0.909,16.285,2096265.17,Completed,,,
T-5185,Road Infrastructure Procurement - Kalaburagi Zone,Energy Department,Road Infrastructure,Kalaburagi,2024-11-09,2024-12-05,11786091.37,10568894.12,V-1038,Vendor B13,8,10406242.4|10860275.74|11189627.13|11283108.54|11933379.67|11968713.12|12053013.02|12159714.9,429,e-Procurement,,,0.897,16.85,5957586.19,Active,,,
T-5186,Vehicle Maintenance Procurement - Kalaburagi Zone,Education Department,Vehicle Maintenance,Kalaburagi,2026-03-14,2026-04-03,1294110.3,1222141.85,V-1061,Vendor C10,9,1179316.69|1191164.91|1194441.19|1201322.75|1208943.01|1220042.36|1248777.83|1261478.33|1324236.44,236,Limited Tender,,,0.944,12.288,852647.1,Active,,,
T-5187,Medical Supplies Procurement - Mysuru Zone,Health Department,Medical Supplies,Mysuru,2025-01-30,2025-02-11,662161.65,635851.66,V-1061,Vendor C10,2,618716.7|688150.36,707,e-Procurement,,,0.96,11.222,609581.65,Completed,,,
T-5188,Road Infrastructure Procurement - Hubballi Zone,Water Resources Department,Road Infrastructure,Hubballi,2025-01-12,2025-02-13,13111589.88,12612833.33,V-1006,Vendor A7,3,12232156.28|13274092.15|13675230.19,369,e-Procurement,,,0.962,11.797,7487336.77,Active,,,
T-5189,School Infrastructure Procurement - Bengaluru Zone,Transport Department,School Infrastructure,Bengaluru,2025-06-23,2025-07-08,4054835.3,3675723.21,V-1021,Vendor A22,3,3595565.52|3765641.75|4281245.76,246,e-Procurement,,,0.907,19.07,3024695.29,Completed,,,
T-5190,Electrical Equipment Procurement - Belagavi Zone,Education Department,Electrical Equipment,Belagavi,2026-02-05,2026-02-17,2645180.42,2774567.35,V-1074,Vendor C23,7,2701701.51|2751700.78|2757713.61|2765087.54|2805527.94|2821651.56|2839476.11,394,Limited Tender,,,1.049,5.1,2089729.69,Completed,,,
T-5191,Office Supplies Procurement - Bengaluru Zone,Rural Development Department,Office Supplies,Bengaluru,2026-03-13,2026-04-23,685029.11,626873.28,V-1114,Vendor E11,6,604702.39|604982.48|605175.23|613816.53|645598.33|658451.59,385,Open Tender,,,0.915,8.889,609515.59,Completed,,,
T-5192,Electrical Equipment Procurement - Kalaburagi Zone,Rural Development Department,Electrical Equipment,Kalaburagi,2024-12-20,2025-01-09,2050236.91,1896295.63,V-1009,Vendor A10,8,1832636.38|1860973.59|1964370.37|2037724.1|2041560.38|2065950.84|2081451.93|2104774.7,651,Open Tender,,,0.925,14.85,1147512.23,Completed,,,
T-5193,Vehicle Maintenance Procurement - Hubballi Zone,Transport Department,Vehicle Maintenance,Hubballi,2025-07-16,2025-08-05,1016892.79,1064984.24,V-1117,Vendor E14,2,1040301.7|1058466.23,317,Limited Tender,,,1.047,1.746,687354.18,Completed,,,
T-5194,IT Equipment Procurement - Shivamogga Zone,Health Department,IT Equipment,Shivamogga,2025-11-24,2025-12-10,3398557.76,3118264.75,V-1020,Vendor A21,6,3027700.85|3038175.14|3367758.47|3420066.22|3428639.56|3652938.21,289,Open Tender,,,0.918,20.651,1756499.47,Completed,,,
T-5195,School Infrastructure Procurement - Dharwad Zone,Energy Department,School Infrastructure,Dharwad,2025-12-26,2026-01-06,2176295.94,1967529.2,V-1045,Vendor B20,12,1923473.41|1982035.86|1989016.28|2090065.52|2127762.64|2148411.09|2180516.83|2219664.98|2254251.99|2264571.26|2279955.08|2333389.75,467,Limited Tender,,,0.904,21.311,1466342.18,Completed,,,
T-5196,School Infrastructure Procurement - Belagavi Zone,Energy Department,School Infrastructure,Belagavi,2026-03-21,2026-04-22,2886336.14,2682852.01,V-1083,Vendor D6,6,2661913.02|2920421.12|3038155.59|3048532.65|3049653.59|3051488.5,117,e-Procurement,,,0.93,14.635,1810991.65,Completed,,,
T-5197,IT Equipment Procurement - Mangaluru Zone,Public Works Department,IT Equipment,Mangaluru,2024-07-30,2024-08-20,3650402.5,3301599.21,V-1094,Vendor D17,4,3257906.89|3551848.58|3831015.6|3923001.87,93,e-Procurement,,,0.904,20.415,3108315.9,Completed,,,
T-5198,IT Equipment Procurement - Mysuru Zone,Water Resources Department,IT Equipment,Mysuru,2026-08-03,2026-08-20,1296605.49,1163005.62,V-1019,Vendor A20,6,1155333.2|1160415.55|1254713.91|1278422.22|1385392.74|1396522.9,325,Open Tender,,,0.897,20.876,956250.4,Completed,,,
T-5199,Electrical Equipment Procurement - Belagavi Zone,Rural Development Department,Electrical Equipment,Belagavi,2024-04-02,2024-05-05,1682861.73,1585968.83,V-1038,Vendor B13,6,1538174.47|1582724.4|1599962.84|1603967.72|1783240.41|1809201.99,405,Open Tender,,,0.942,17.62,1310550.8,Completed,,,
T-5200,Office Supplies Procurement - Shivamogga Zone,Health Department,Office Supplies,Shivamogga,2024-01-11,2024-02-20,1472469.2,1319610.34,V-1068,Vendor C17,7,1296697.87|1347086.5|1385188.27|1387563.63|1436687.05|1525641.84|1553574.46,519,e-Procurement,,,0.896,19.81,1041647.37,Completed,,,
T-5201,Vehicle Maintenance Procurement - Belagavi Zone,Health Department,Vehicle Maintenance,Belagavi,2024-08-13,2024-09-23,3122674.36,2838500.3,V-1047,Vendor B22,6,2776033.42|2826867.46|2872389.48|3089722.35|3162770.57|3367350.18,422,Request for Proposal,,,0.909,21.301,1678497.91,Completed,,,
T-5202,IT Equipment Procurement - Hubballi Zone,Health Department,IT Equipment,Hubballi,2024-03-22,2024-04-25,7960564.27,7664583.98,V-1075,Vendor C24,6,7527880.71|7580692.16|7652975.71|7774575.02|8339853.99|8374186.71,253,Open Tender,,,0.963,11.242,5750418.57,Completed,,,
T-5203,Vehicle Maintenance Procurement - Bengaluru Zone,Water Resources Department,Vehicle Maintenance,Bengaluru,2024-08-16,2024-09-22,3105996.75,2885423.04,V-1059,Vendor C8,7,2821005.12|2876045.36|2964470.93|3037431.54|3076590.58|3133792.47|3144304.41,82,Open Tender,,,0.929,11.46,2884780.56,Active,,,
T-5204,IT Equipment Procurement - Dharwad Zone,Transport Department,IT Equipment,Dharwad,2026-01-07,2026-02-10,2811420.56,2603302.7,V-1037,Vendor B12,9,2522978.49|2554457.35|2680628.06|2684652.62|2787121.4|2795260.78|2922602.27|2949248.12|3019424.37,156,Open Tender,,,0.926,19.677,2410276.09,Completed,,,
T-5205,Vehicle Maintenance Procurement - Kalaburagi Zone,Municipal Administration,Vehicle Maintenance,Kalaburagi,2025-08-18,2025-09-29,756615.08,680174.72,V-1012,Vendor A13,4,673919.24|722798.97|756657.67|760167.82,302,Open Tender,,,0.899,12.798,647564.81,Active,,,
T-5206,Medical Supplies Procurement - Shivamogga Zone,Energy Department,Medical Supplies,Shivamogga,2025-11-16,2025-12-08,2647133.15,2468841.96,V-1110,Vendor E7,7,2411269.45|2557122.79|2576348.49|2577285.39|2587448.42|2732146.17|2810426.61,637,Open Tender,,,0.933,16.554,2272450.18,Completed,,,
T-5207,Water Infrastructure Procurement - Mysuru Zone,Municipal Administration,Water Infrastructure,Mysuru,2026-02-19,2026-03-09,11176354.93,10131780.12,V-1111,Vendor E8,8,9913229.12|9947499.08|10596104.41|10955679.24|10974854.21|10976478.69|11210172.66|11870642.88,723,Request for Proposal,,,0.907,19.745,6042277.17,Completed,,,
T-5208,IT Equipment Procurement - Mysuru Zone,Transport Department,IT Equipment,Mysuru,2025-12-20,2026-01-31,1827378.86,1670823.22,V-1056,Vendor C5,7,1628386.45|1677219.15|1681130.54|1815853.54|1831315.3|1862327.35|1945196.36,445,Limited Tender,,,0.914,19.455,1089964.39,Payment Pending,,,
T-5209,Vehicle Maintenance Procurement - Belagavi Zone,Water Resources Department,Vehicle Maintenance,Belagavi,2025-02-10,2025-03-10,1075805.21,976231.26,V-1101,Vendor D24,8,950830.1|953185.77|997147.84|1020957.16|1059611.25|1113510.9|1124616.33|1153584.28,697,Limited Tender,,,0.907,21.324,538298.55,Active,,,
T-5210,IT Equipment Procurement - Belagavi Zone,Municipal Administration,IT Equipment,Belagavi,2024-01-28,2024-03-05,2999749.06,2875260.06,V-1089,Vendor D12,8,2843624.26|2847893.35|2901144.18|2913127.8|2965564.78|3046613.44|3116427.79|3187491.95,239,Request for Proposal,,,0.959,12.093,1974094.78,Completed,,,
T-5211,Office Supplies Procurement - Belagavi Zone,Public Works Department,Office Supplies,Belagavi,2025-04-16,2025-04-28,995598.66,942162.26,V-1107,Vendor E4,6,908958.63|923913.44|930476.55|944111.33|965487.53|1017528.24,279,Open Tender,,,0.946,11.944,564235.85,Completed,,,
T-5212,Medical Supplies Procurement - Tumakuru Zone,Municipal Administration,Medical Supplies,Tumakuru,2024-10-08,2024-11-06,873976.61,797557.6,V-1082,Vendor D5,9,770301.65|778819.0|806234.21|839438.15|840974.81|885080.24|901427.89|911978.48|927177.28,169,Request for Proposal,,,0.913,20.365,608342.65,Active,,,
T-5213,Electrical Equipment Procurement - Shivamogga Zone,Rural Development Department,Electrical Equipment,Shivamogga,2025-01-02,2025-01-26,1397904.84,1303466.71,V-1029,Vendor B4,5,1278619.68|1398966.4|1460110.11|1471472.53|1493024.1,279,Open Tender,,,0.932,16.768,1114082.6,Active,,,
T-5214,Water Infrastructure Procurement - Tumakuru Zone,Rural Development Department,Water Infrastructure,Tumakuru,2026-02-27,2026-03-16,2222656.22,2136403.69,V-1069,Vendor C18,10,2108837.41|2133536.05|2207811.21|2248008.06|2248733.02|2281778.92|2320889.18|2355298.33|2357088.26|2370042.74,532,Open Tender,,,0.961,12.386,2015755.38,Completed,,,
T-5215,Vehicle Maintenance Procurement - Kalaburagi Zone,Energy Department,Vehicle Maintenance,Kalaburagi,2024-08-24,2024-10-02,1069692.88,956953.98,V-1058,Vendor C7,5,955713.72|987261.47|1068590.53|1099401.82|1151111.1,137,Open Tender,,,0.895,20.445,848959.55,Completed,,,
T-5216,Vehicle Maintenance Procurement - Belagavi Zone,Health Department,Vehicle Maintenance,Belagavi,2026-08-16,2026-09-16,506764.2,463540.98,V-1091,Vendor D14,7,451055.56|451300.4|472270.87|481174.51|489659.27|544236.74|545639.82,581,Request for Proposal,,,0.915,20.97,450730.34,Active,,,
T-5217,Road Infrastructure Procurement - Tumakuru Zone,Public Works Department,Road Infrastructure,Tumakuru,2024-07-09,2024-08-04,11403496.21,10547487.56,V-1078,Vendor D1,7,10511878.22|10783555.36|10835189.54|10861966.51|11123769.35|11872669.17|11906837.77,525,Limited Tender,,,0.925,13.27,6056939.35,Completed,,,
T-5218,IT Equipment Procurement - Belagavi Zone,Municipal Administration,IT Equipment,Belagavi,2025-03-20,2025-04-18,5686693.19,5137341.9,V-1012,Vendor A13,8,5041434.42|5139228.15|5349228.77|5526469.5|5608867.55|5782077.74|6064920.7|6066279.3,419,Open Tender,,,0.903,20.328,2853695.44,Completed,,,
T-5219,Medical Supplies Procurement - Mysuru Zone,Energy Department,Medical Supplies,Mysuru,2025-01-22,2025-02-24,4644541.23,4240613.65,V-1012,Vendor A13,8,4128105.76|4295255.52|4302220.06|4309337.77|4563076.3|4689347.96|4731241.03|4805773.79,346,Open Tender,,,0.913,16.416,3594353.25,Completed,,,
T-5220,IT Equipment Procurement - Mysuru Zone,Rural Development Department,IT Equipment,Mysuru,2024-03-05,2024-03-18,6014164.29,5554722.24,V-1069,Vendor C18,6,5376792.95|5481084.05|5511114.17|5767895.47|6084120.84|6105366.6,458,Open Tender,,,0.924,13.55,3778369.75,Payment Pending,,,
T-5221,Vehicle Maintenance Procurement - Mysuru Zone,Energy Department,Vehicle Maintenance,Mysuru,2024-10-13,2024-11-07,1026032.8,982901.85,V-1014,Vendor A15,5,948145.83|1053014.67|1084759.18|1094634.2|1099520.97,487,Open Tender,,,0.958,15.965,652721.0,Completed,,,
T-5222,Vehicle Maintenance Procurement - Hubballi Zone,Health Department,Vehicle Maintenance,Hubballi,2026-01-02,2026-01-15,631846.19,578058.63,V-1044,Vendor B19,2,557043.07|639182.55,122,Request for Proposal,,,0.915,14.746,404004.71,Payment Pending,,,
T-5223,Medical Supplies Procurement - Mysuru Zone,Energy Department,Medical Supplies,Mysuru,2026-02-21,2026-03-05,6556125.84,6265641.83,V-1100,Vendor D23,2,6051572.27|6951569.06,135,Open Tender,,,0.956,14.872,4206803.47,Completed,,,
T-5224,Electrical Equipment Procurement - Udupi Zone,Public Works Department,Electrical Equipment,Udupi,2026-08-16,2026-09-07,5041258.83,4683016.1,V-1004,Vendor A5,5,4569804.95|4821714.27|4880516.8|5263504.56|5300572.77,544,Request for Proposal,,,0.929,15.991,3653438.07,Active,,,
T-5225,Office Supplies Procurement - Bengaluru Zone,Transport Department,Office Supplies,Bengaluru,2025-06-13,2025-07-17,893374.87,865681.78,V-1046,Vendor B21,4,861186.34|874952.68|924873.57|950004.48,615,e-Procurement,,,0.969,10.313,647587.8,Active,,,
T-5226,Water Infrastructure Procurement - Kalaburagi Zone,Public Works Department,Water Infrastructure,Kalaburagi,2025-08-28,2025-09-24,10681875.09,9636022.39,V-1097,Vendor D20,11,9476810.43|9564139.58|9856589.45|9902085.99|9965155.04|9993362.2|9998005.75|10050794.95|11173563.91|11380291.01|11425870.98,512,Open Tender,,,0.902,20.567,7521810.16,Completed,,,
T-5227,Electrical Equipment Procurement - Dharwad Zone,Health Department,Electrical Equipment,Dharwad,2026-08-10,2026-08-31,1516323.14,1363691.92,V-1047,Vendor B22,9,1336262.03|1353132.11|1374384.78|1444786.89|1496722.52|1506033.87|1506077.35|1545957.04|1562253.46,170,e-Procurement,,,0.899,16.912,1162848.91,Completed,,,
T-5228,Office Supplies Procurement - Bengaluru Zone,Public Works Department,Office Supplies,Bengaluru,2025-01-10,2025-02-17,570808.3,527252.58,V-1089,Vendor D12,6,511846.65|513197.86|526413.79|540835.64|553690.74|601710.54,224,Limited Tender,,,0.924,17.557,381840.92,Completed,,,
T-5229,Water Infrastructure Procurement - Udupi Zone,Rural Development Department,Water Infrastructure,Udupi,2026-02-25,2026-03-22,4194081.09,3878330.64,V-1036,Vendor B11,5,3815984.24|3819885.1|3915740.37|3993666.7|4328426.68,175,Open Tender,,,0.925,13.429,2571676.29,Completed,,,
T-5230,Water Infrastructure Procurement - Mangaluru Zone,Transport Department,Water Infrastructure,Mangaluru,2025-04-15,2025-05-03,4258232.13,4073408.45,V-1117,Vendor E14,8,3943117.64|3952092.14|3968525.98|4000427.86|4097529.84|4319877.58|4501876.35|4510055.42,317,e-Procurement,,,0.957,14.378,2545025.85,Completed,,,
T-5231,Vehicle Maintenance Procurement - Udupi Zone,Health Department,Vehicle Maintenance,Udupi,2026-05-04,2026-06-13,781306.34,709904.02,V-1057,Vendor C6,10,692240.75|693009.23|705875.92|713967.39|742523.08|757012.13|766401.99|766786.92|806570.02|842210.17,210,e-Procurement,,,0.909,21.664,502089.1,Completed,,,
T-5232,School Infrastructure Procurement - Kalaburagi Zone,Education Department,School Infrastructure,Kalaburagi,2024-05-09,2024-06-20,10495376.39,9284820.46,V-1095,Vendor D18,9,9269937.08|9658954.46|10403417.35|10682378.08|10872195.46|10953773.34|10964043.67|11021351.19|11197376.51,377,Open Tender,,,0.885,20.792,8206044.23,Active,,,
T-5233,School Infrastructure Procurement - Hubballi Zone,Rural Development Department,School Infrastructure,Hubballi,2025-09-09,2025-10-18,5796290.37,5340090.63,V-1003,Vendor A4,10,5219956.63|5246750.1|5476716.98|5789615.16|5799942.17|5881888.71|5884954.78|5891966.79|6082496.38|6235824.87,625,Open Tender,,,0.921,19.461,4755442.61,Completed,,,
T-5234,Electrical Equipment Procurement - Kalaburagi Zone,Public Works Department,Electrical Equipment,Kalaburagi,2025-03-19,2025-04-23,2013498.05,1814436.88,V-1119,Vendor E16,8,1789998.49|1796017.43|1824621.36|1859954.28|2015913.03|2067520.71|2072726.41|2113950.02,630,Request for Proposal,,,0.901,18.098,1542466.26,Active,,,
T-5235,Road Infrastructure Procurement - Kalaburagi Zone,Energy Department,Road Infrastructure,Kalaburagi,2024-07-19,2024-08-09,15437705.27,13698745.84,V-1047,Vendor B22,8,13671175.57|14124410.99|14498882.93|14901703.07|15277601.45|15534577.88|15634765.95|16565592.42,642,Limited Tender,,,0.887,21.172,8976961.83,Payment Pending,,,
T-5236,Office Supplies Procurement - Belagavi Zone,Water Resources Department,Office Supplies,Belagavi,2026-07-05,2026-08-01,279597.41,260964.59,V-1057,Vendor C6,9,254057.94|262449.89|268782.05|275429.75|283867.48|285068.17|286012.43|290344.64|296388.02,323,Open Tender,,,0.933,16.662,212591.88,Active,,,
T-5237,Vehicle Maintenance Procurement - Hubballi Zone,Energy Department,Vehicle Maintenance,Hubballi,2025-03-27,2025-04-22,771908.16,685456.96,V-1102,Vendor D25,6,681786.87|729226.33|732190.54|765204.67|781951.61|791789.13,710,Limited Tender,,,0.888,16.134,553033.77,Payment Pending,,,
T-5238,Medical Supplies Procurement - Hubballi Zone,Transport Department,Medical Supplies,Hubballi,2024-04-18,2024-06-01,2108928.17,1926959.33,V-1077,Vendor C26,8,1855869.75|1861296.76|1905719.71|1963193.36|2006263.93|2083747.32|2156225.96|2214859.94,674,Limited Tender,,,0.914,19.344,1479750.2,Active,,,
T-5239,Office Supplies Procurement - Tumakuru Zone,Municipal Administration,Office Supplies,Tumakuru,2025-08-29,2025-09-18,1527079.75,1378141.18,V-1090,Vendor D13,3,1372834.09|1417221.36|1440011.3,595,Open Tender,,,0.902,4.893,1099054.56,Active,,,
T-5240,Water Infrastructure Procurement - Kalaburagi Zone,Water Resources Department,Water Infrastructure,Kalaburagi,2025-06-11,2025-07-10,4404774.35,4072729.95,V-1110,Vendor E7,9,3981530.16|4156612.97|4197459.84|4307019.88|4397992.21|4463461.0|4488160.06|4526791.78|4633431.83,102,e-Procurement,,,0.925,16.373,3141320.17,Active,,,
T-5241,Water Infrastructure Procurement - Mangaluru Zone,Education Department,Water Infrastructure,Mangaluru,2024-04-11,2024-05-16,6401907.21,5695028.36,V-1012,Vendor A13,6,5666570.89|5884947.72|5997999.85|6200930.48|6423809.34|6721950.5,656,Limited Tender,,,0.89,18.625,4581396.12,Completed,,,
T-5242,Vehicle Maintenance Procurement - Tumakuru Zone,Education Department,Vehicle Maintenance,Tumakuru,2024-01-20,2024-02-26,2101007.56,1885194.37,V-1050,Vendor B25,8,1866358.19|1947104.88|2058201.6|2077621.19|2094951.48|2116880.31|2138535.93|2193480.25,606,Request for Proposal,,,0.897,17.527,1643847.41,Completed,,,
T-5243,IT Equipment Procurement - Udupi Zone,Energy Department,IT Equipment,Udupi,2026-06-04,2026-06-24,4358713.4,3958074.91,V-1011,Vendor A12,8,3853916.96|3885253.74|4110940.73|4124521.66|4148293.53|4447724.83|4503882.37|4630121.06,509,e-Procurement,,,0.908,20.141,2372203.67,Completed,,,
T-5244,Medical Supplies Procurement - Dharwad Zone,Municipal Administration,Medical Supplies,Dharwad,2024-08-02,2024-09-09,1256055.82,1136818.25,V-1106,Vendor E3,9,1120913.45|1146005.99|1190566.39|1200246.55|1218811.12|1232424.8|1270651.74|1348833.58|1355974.9,714,Open Tender,,,0.905,20.971,1008734.74,Payment Pending,,,
T-5245,Road Infrastructure Procurement - Mangaluru Zone,Energy Department,Road Infrastructure,Mangaluru,2024-12-23,2025-01-18,19112719.28,18872332.3,V-1063,Vendor C12,4,18336544.0|18405397.43|18559914.97|18567789.11,198,Open Tender,,,0.987,1.261,11533802.63,Completed,,,
T-5246,Office Supplies Procurement - Mysuru Zone,Public Works Department,Office Supplies,Mysuru,2026-01-11,2026-02-13,561149.4,511932.75,V-1107,Vendor E4,8,500384.25|512066.87|517248.54|537776.68|555803.46|560614.03|576229.24|591666.17,321,Limited Tender,,,0.912,18.242,296912.09,Completed,,,
T-5247,IT Equipment Procurement - Tumakuru Zone,Education Department,IT Equipment,Tumakuru,2025-10-19,2025-11-09,4483480.44,4093991.39,V-1030,Vendor B5,7,4017365.94|4017750.31|4471486.16|4479606.56|4622588.15|4688320.5|4787970.27,251,Open Tender,,,0.913,19.182,4049923.09,Completed,,,
T-5248,Vehicle Maintenance Procurement - Shivamogga Zone,Health Department,Vehicle Maintenance,Shivamogga,2024-09-09,2024-09-28,1525173.27,1393520.56,V-1094,Vendor D17,2,1345353.4|1645856.52,258,e-Procurement,,,0.914,22.336,1366550.78,Active,,,
T-5249,IT Equipment Procurement - Shivamogga Zone,Municipal Administration,IT Equipment,Shivamogga,2026-06-23,2026-07-05,3048269.64,2921087.81,V-1116,Vendor E13,3,2914726.08|2950637.01|3075067.95,164,Request for Proposal,,,0.958,5.501,1686041.5,Completed,,,
T-5250,Water Infrastructure Procurement - Hubballi Zone,Transport Department,Water Infrastructure,Hubballi,2024-07-04,2024-08-07,4296129.63,4187144.07,V-1010,Vendor A11,2,4231687.69|4261760.59,532,Limited Tender,,,0.975,0.711,3138113.95,Payment Pending,CASE-009,Repeated Winner + Concentration,Winning vendor shows unusually high award concentration in its comparison group.
T-5251,IT Equipment Procurement - Shivamogga Zone,Rural Development Department,IT Equipment,Shivamogga,2025-02-15,2025-03-11,2198780.07,1978919.47,V-1048,Vendor B23,2,2165798.37|2181189.83,152,Open Tender,,,0.9,0.711,1254259.39,Payment Pending,,,
T-5252,Medical Supplies Procurement - Mangaluru Zone,Education Department,Medical Supplies,Mangaluru,2025-06-01,2025-07-03,3172179.15,2838936.28,V-1092,Vendor D15,6,2830878.95|2883718.12|3034369.6|3098136.87|3112349.79|3323902.33,45,Limited Tender,,,0.895,17.416,2181453.41,Payment Pending,,,
T-5253,Road Infrastructure Procurement - Hubballi Zone,Energy Department,Road Infrastructure,Hubballi,2024-11-22,2024-12-26,8809663.73,8486081.36,V-1100,Vendor D23,3,8334631.64|8547476.14|8790660.61,335,Open Tender,,,0.963,5.471,7837572.98,Payment Pending,,,
T-5254,School Infrastructure Procurement - Kalaburagi Zone,Public Works Department,School Infrastructure,Kalaburagi,2025-05-08,2025-06-14,1828314.84,1637258.83,V-1022,Vendor A23,7,1636984.64|1661044.72|1748651.32|1811761.94|1859145.44|1955924.15|1970742.52,208,Open Tender,,,0.896,20.389,1600871.24,Active,,,
T-5255,Office Supplies Procurement - Tumakuru Zone,Energy Department,Office Supplies,Tumakuru,2024-08-19,2024-09-09,1182108.0,1091993.94,V-1067,Vendor C16,11,1063179.82|1063524.64|1082121.11|1082581.98|1096268.99|1114813.84|1133203.51|1181956.62|1212525.12|1228804.58|1266444.41,524,Open Tender,,,0.924,19.119,912266.69,Completed,,,
T-5256,Road Infrastructure Procurement - Shivamogga Zone,Rural Development Department,Road Infrastructure,Shivamogga,2025-12-15,2026-01-21,6204035.94,5850174.38,V-1025,Vendor A26,9,5684003.59|5738308.14|5874220.35|5955046.36|5967876.66|6451152.58|6490194.31|6544398.45|6673334.86,728,Open Tender,,,0.943,17.406,4149280.35,Completed,,,
T-5257,IT Equipment Procurement - Udupi Zone,Transport Department,IT Equipment,Udupi,2024-09-09,2024-10-10,2958425.25,2699144.14,V-1039,Vendor B14,8,2682114.13|2683420.29|2837722.07|2841709.15|2910860.68|2928005.79|3003071.47|3193043.94,114,Open Tender,,,0.912,19.05,2217337.48,Payment Pending,,,
T-5258,Road Infrastructure Procurement - Tumakuru Zone,Water Resources Department,Road Infrastructure,Tumakuru,2024-03-05,2024-04-16,3789977.17,3689431.99,V-1086,Vendor D9,4,3606399.2|3652317.27|3701900.03|3785262.92,342,Open Tender,,,0.973,4.96,2547186.01,Completed,,,
T-5259,Vehicle Maintenance Procurement - Mysuru Zone,Education Department,Vehicle Maintenance,Mysuru,2024-03-28,2024-04-19,2327727.57,2183451.61,V-1083,Vendor D6,5,2139533.4|2202291.45|2240392.65|2373974.61|2395109.1,206,Open Tender,,,0.938,11.945,2094848.54,Completed,,,
T-5260,Water Infrastructure Procurement - Hubballi Zone,Water Resources Department,Water Infrastructure,Hubballi,2025-08-26,2025-10-09,7260509.15,6466430.26,V-1024,Vendor A25,13,6434162.84|6477683.86|6521837.73|6541248.22|6575983.24|6741496.39|6852017.81|6852533.99|6914396.46|6992616.78|7222537.55|7426650.07|7707778.42,30,Open Tender,,,0.891,19.795,6089309.39,Completed,,,
T-5261,Road Infrastructure Procurement - Mysuru Zone,Water Resources Department,Road Infrastructure,Mysuru,2024-12-10,2025-01-07,14016245.35,13848611.18,V-1022,Vendor A23,3,13538777.36|14436340.06|14893778.55,510,Open Tender,,,0.988,10.008,11095566.66,Active,,,
T-5262,Electrical Equipment Procurement - Shivamogga Zone,Transport Department,Electrical Equipment,Shivamogga,2025-02-05,2025-03-17,2932532.6,2707295.98,V-1005,Vendor A6,2,2620145.66|2926464.3,39,Limited Tender,,,0.923,11.691,1884709.85,Active,,,
T-5263,Medical Supplies Procurement - Belagavi Zone,Transport Department,Medical Supplies,Belagavi,2026-01-25,2026-02-07,3544011.19,3693346.92,V-1003,Vendor A4,2,3579011.01|3592831.03,238,Open Tender,,,1.042,0.386,2518956.24,Completed,,,
T-5264,Road Infrastructure Procurement - Udupi Zone,Education Department,Road Infrastructure,Udupi,2024-03-09,2024-04-18,28401525.41,25839847.86,V-1017,Vendor A18,3,25100958.03|29628920.29|30025604.13,646,e-Procurement,,,0.91,19.619,14600498.48,Completed,,,
T-5265,Office Supplies Procurement - Tumakuru Zone,Energy Department,Office Supplies,Tumakuru,2024-04-26,2024-05-26,258217.44,235002.35,V-1119,Vendor E16,4,229312.01|253683.9|262373.68|275347.48,180,Open Tender,,,0.91,20.075,215525.21,Active,,,
T-5266,IT Equipment Procurement - Hubballi Zone,Health Department,IT Equipment,Hubballi,2026-01-04,2026-02-02,1453680.53,1332967.45,V-1001,Vendor A2,6,1322043.09|1385927.8|1403727.4|1462989.67|1490345.63|1559860.16,221,e-Procurement,,,0.917,17.989,1003287.87,Completed,,,
T-5267,IT Equipment Procurement - Mangaluru Zone,Municipal Administration,IT Equipment,Mangaluru,2026-06-12,2026-06-28,3470620.37,3236482.45,V-1087,Vendor D10,5,3153517.67|3278855.28|3585285.38|3606014.83|3626945.0,571,Open Tender,,,0.933,15.013,2253594.51,Completed,,,
T-5268,Electrical Equipment Procurement - Dharwad Zone,Public Works Department,Electrical Equipment,Dharwad,2024-08-19,2024-08-31,1805321.2,1652364.83,V-1016,Vendor A17,13,1631993.37|1641649.02|1697892.43|1708417.64|1769423.95|1773031.37|1821830.88|1835123.61|1837933.55|1864770.77|1898198.09|1898727.84|1929897.05,104,e-Procurement,,,0.915,18.254,1259101.44,Completed,,,
T-5269,IT Equipment Procurement - Kalaburagi Zone,Municipal Administration,IT Equipment,Kalaburagi,2025-11-18,2025-12-04,4817692.47,4660013.83,V-1093,Vendor D16,3,4518456.82|5079053.86|5148739.38,650,e-Procurement,,,0.967,13.949,4279906.27,Active,,,
T-5270,Electrical Equipment Procurement - Belagavi Zone,Rural Development Department,Electrical Equipment,Belagavi,2025-12-08,2026-01-03,4948987.4,4498320.07,V-1108,Vendor E5,10,4408196.5|4521670.64|4542374.43|4734594.44|4825733.58|4898418.28|5065253.95|5068143.18|5183017.29|5195543.99,461,e-Procurement,,,0.909,17.861,2726325.6,Completed,,,
T-5271,IT Equipment Procurement - Udupi Zone,Energy Department,IT Equipment,Udupi,2025-11-17,2025-12-11,4885627.95,4409374.9,V-1030,Vendor B5,9,4368646.39|4435414.25|4438098.82|4596635.1|4598647.14|4618000.92|4641147.28|4897361.79|5142120.0,416,e-Procurement,,,0.903,17.705,4126933.25,Completed,,,
T-5272,Road Infrastructure Procurement - Mysuru Zone,Water Resources Department,Road Infrastructure,Mysuru,2025-05-02,2025-05-18,4558618.42,4090002.58,V-1093,Vendor D16,6,4062788.44|4168032.68|4213546.75|4244656.42|4492576.48|4842633.77,506,Open Tender,,,0.897,19.195,3901367.47,Completed,,,
T-5273,Vehicle Maintenance Procurement - Tumakuru Zone,Energy Department,Vehicle Maintenance,Tumakuru,2025-07-03,2025-08-16,1104350.39,1019059.01,V-1001,Vendor A2,5,988032.27|1063521.6|1065077.98|1103326.96|1118297.51,514,e-Procurement,,,0.923,13.184,994620.51,Completed,,,
T-5274,Electrical Equipment Procurement - Bengaluru Zone,Health Department,Electrical Equipment,Bengaluru,2026-07-27,2026-08-14,885152.33,824945.98,V-1001,Vendor A2,6,824891.74|834091.74|895915.52|911063.02|928640.49|943718.27,455,Open Tender,,,0.932,14.405,601278.04,Active,,,
T-5275,IT Equipment Procurement - Udupi Zone,Public Works Department,IT Equipment,Udupi,2024-12-07,2025-01-17,3253206.23,3022467.33,V-1054,Vendor C3,8,3013666.99|3020390.3|3063025.63|3321889.69|3333094.96|3339649.9|3352655.87|3432908.45,190,e-Procurement,,,0.929,13.911,1957691.93,Completed,,,
T-5276,Office Supplies Procurement - Udupi Zone,Public Works Department,Office Supplies,Udupi,2025-11-30,2026-01-08,660179.65,660479.14,V-1017,Vendor A18,5,640665.07|671602.6|678544.72|688576.9|696813.3,100,Limited Tender,,,1.0,8.764,474315.41,Active,,,
T-5277,Office Supplies Procurement - Belagavi Zone,Health Department,Office Supplies,Belagavi,2025-08-04,2025-09-08,802419.07,778331.47,V-1109,Vendor E6,2,770104.45|844613.85,550,Open Tender,,,0.97,9.675,544684.49,Active,,,
T-5278,Medical Supplies Procurement - Mangaluru Zone,Transport Department,Medical Supplies,Mangaluru,2025-11-26,2026-01-03,1348270.67,1220523.02,V-1087,Vendor D10,9,1203041.73|1204989.59|1223426.45|1236342.71|1246860.38|1301932.0|1331440.11|1443026.29|1453945.21,563,Request for Proposal,,,0.905,20.856,768037.62,Completed,,,
T-5279,Vehicle Maintenance Procurement - Mangaluru Zone,Municipal Administration,Vehicle Maintenance,Mangaluru,2025-02-28,2025-03-28,2354230.36,2153414.54,V-1029,Vendor B4,7,2100080.34|2129400.35|2149076.53|2211870.18|2212066.02|2222582.4|2440471.2,598,Open Tender,,,0.915,16.208,1772841.59,Payment Pending,,,
T-5280,Medical Supplies Procurement - Bengaluru Zone,Education Department,Medical Supplies,Bengaluru,2026-03-30,2026-04-24,1710864.7,1564150.39,V-1020,Vendor A21,3,1563323.15|1797757.08|1799708.31,94,e-Procurement,,,0.914,15.121,1195763.05,Completed,,,
T-5281,IT Equipment Procurement - Bengaluru Zone,Energy Department,IT Equipment,Bengaluru,2026-06-07,2026-07-04,2622755.28,2398094.64,V-1033,Vendor B8,13,2389735.68|2391889.75|2395921.85|2470797.29|2505808.68|2514341.42|2572054.87|2593671.72|2594977.86|2646640.38|2670618.81|2695914.01|2725798.38,74,Open Tender,,,0.914,14.063,2253166.86,Active,,,
T-5282,Medical Supplies Procurement - Shivamogga Zone,Rural Development Department,Medical Supplies,Shivamogga,2026-04-26,2026-06-03,1671967.48,1538918.67,V-1078,Vendor D1,8,1510061.86|1639761.57|1641250.66|1678736.05|1705271.91|1707398.55|1748593.96|1756544.41,183,e-Procurement,,,0.92,16.323,868641.58,Completed,,,
T-5283,Office Supplies Procurement - Mysuru Zone,Education Department,Office Supplies,Mysuru,2025-08-31,2025-10-12,816090.96,816064.69,V-1081,Vendor D4,9,808246.1|809866.44|819219.54|827745.73|830586.45|852051.86|852783.55|868985.57|869350.41,103,Request for Proposal,,,1.0,7.56,685282.63,Completed,,,
T-5284,Medical Supplies Procurement - Mangaluru Zone,Rural Development Department,Medical Supplies,Mangaluru,2026-08-17,2026-09-18,1942170.35,1775814.04,V-1031,Vendor B6,8,1751784.49|1779089.67|1788384.51|1849918.03|1891301.32|2020221.8|2029178.67|2052362.87,473,Open Tender,,,0.914,17.158,1586382.62,Completed,,,
T-5285,Medical Supplies Procurement - Bengaluru Zone,Rural Development Department,Medical Supplies,Bengaluru,2025-12-15,2025-12-26,1947081.98,1763526.38,V-1042,Vendor B17,5,1747339.1|1792152.43|1794063.56|1925264.19|1925855.02,381,Limited Tender,,,0.906,10.216,1572658.08,Completed,,,
T-5286,Electrical Equipment Procurement - Tumakuru Zone,Municipal Administration,Electrical Equipment,Tumakuru,2026-04-15,2026-05-03,2622677.99,2363849.65,V-1054,Vendor C3,11,2309969.35|2350419.75|2368229.1|2413526.65|2456068.66|2466084.74|2571277.8|2622349.1|2690274.79|2767771.79|2774917.43,234,Open Tender,,,0.901,20.128,2242662.84,Completed,,,
T-5287,School Infrastructure Procurement - Hubballi Zone,Rural Development Department,School Infrastructure,Hubballi,2024-09-03,2024-09-24,5312233.68,4935362.58,V-1088,Vendor D11,7,4876988.53|4952862.24|5262892.09|5337988.17|5409358.37|5555943.18|5649263.66,206,Open Tender,,,0.929,15.835,4333570.05,Completed,,,
T-5288,IT Equipment Procurement - Bengaluru Zone,Education Department,IT Equipment,Bengaluru,2025-07-20,2025-08-14,3214342.36,2934231.7,V-1045,Vendor B20,10,2861576.94|3058114.02|3082588.61|3086974.86|3118137.34|3261757.91|3305390.08|3310106.07|3346192.95|3371870.62,100,e-Procurement,,,0.913,17.833,2838911.8,Active,,,
T-5289,Medical Supplies Procurement - Kalaburagi Zone,Education Department,Medical Supplies,Kalaburagi,2024-11-29,2025-01-07,3136150.68,2895697.72,V-1044,Vendor B19,4,2826377.76|2998462.3|3008056.28|3093095.61,590,e-Procurement,,,0.923,9.437,2026106.58,Active,,,
T-5290,Road Infrastructure Procurement - Belagavi Zone,Transport Department,Road Infrastructure,Belagavi,2026-06-12,2026-06-23,4525329.99,4024431.07,V-1027,Vendor B2,6,4002279.54|4030966.62|4284275.52|4306268.89|4333180.09|4370350.37,625,e-Procurement,,,0.889,9.197,3124746.31,Completed,,,
T-5291,IT Equipment Procurement - Shivamogga Zone,Municipal Administration,IT Equipment,Shivamogga,2024-09-24,2024-10-10,3846671.42,3519860.45,V-1077,Vendor C26,8,3437724.64|3476914.76|3637291.59|3647907.07|3826332.75|3883956.87|4012651.74|4075469.38,509,e-Procurement,,,0.915,18.551,1958224.55,Completed,,,
T-5292,School Infrastructure Procurement - Hubballi Zone,Municipal Administration,School Infrastructure,Hubballi,2025-09-10,2025-10-18,3956491.79,3704481.09,V-1068,Vendor C17,5,3612672.48|3625584.79|3822245.28|3905332.59|4040847.47,558,Limited Tender,,,0.936,11.852,2049063.01,Payment Pending,,,
T-5293,Vehicle Maintenance Procurement - Tumakuru Zone,Energy Department,Vehicle Maintenance,Tumakuru,2024-09-23,2024-10-05,1503894.27,1356793.45,V-1034,Vendor B9,7,1351313.61|1381438.34|1403157.8|1415545.86|1483508.34|1532826.92|1570559.36,545,Open Tender,,,0.902,16.225,892847.4,Completed,,,
T-5294,Medical Supplies Procurement - Hubballi Zone,Health Department,Medical Supplies,Hubballi,2024-08-01,2024-08-20,1992314.56,1854228.87,V-1018,Vendor A19,9,1829751.0|1948398.32|1963886.86|1989014.08|1993298.43|2001630.45|2018886.32|2056950.05|2120860.19,498,e-Procurement,,,0.931,15.91,1103939.71,Active,,,
T-5295,School Infrastructure Procurement - Kalaburagi Zone,Energy Department,School Infrastructure,Kalaburagi,2025-04-04,2025-05-05,8541148.24,8224527.22,V-1113,Vendor E10,7,7988970.07|8076311.62|8108970.13|8374376.89|8469695.02|9092300.24|9109762.7,585,e-Procurement,,,0.963,14.029,5486541.94,Active,,,
T-5296,Medical Supplies Procurement - Dharwad Zone,Municipal Administration,Medical Supplies,Dharwad,2025-10-18,2025-11-28,1295657.75,1165791.53,V-1050,Vendor B25,7,1162309.44|1201491.88|1251384.99|1265468.43|1274411.67|1299333.85|1392174.25,327,Open Tender,,,0.9,19.777,734063.35,Completed,,,
T-5297,Road Infrastructure Procurement - Udupi Zone,Municipal Administration,Road Infrastructure,Udupi,2026-07-26,2026-09-06,8537413.87,8345546.95,V-1074,Vendor C23,5,8166690.59|8199856.55|8238525.02|8740733.45|8865140.64,242,Open Tender,,,0.978,8.552,4697157.67,Active,,,
T-5298,Road Infrastructure Procurement - Hubballi Zone,Rural Development Department,Road Infrastructure,Hubballi,2024-08-13,2024-09-17,13871079.06,13294767.83,V-1117,Vendor E14,7,12848385.6|13178076.29|13328003.13|13918849.9|14020295.12|14661197.77|14962081.59,193,Limited Tender,,,0.958,16.451,12752166.69,Completed,,,
T-5299,Electrical Equipment Procurement - Tumakuru Zone,Water Resources Department,Electrical Equipment,Tumakuru,2026-04-15,2026-05-07,2829475.7,2576871.88,V-1093,Vendor D16,9,2521755.67|2649474.84|2669915.69|2762709.89|2764756.71|2835340.08|2918760.69|3006488.15|3013188.91,368,Open Tender,,,0.911,19.488,1426815.01,Payment Pending,,,
T-5300,Electrical Equipment Procurement - Kalaburagi Zone,Health Department,Electrical Equipment,Kalaburagi,2024-09-06,2024-09-24,2683519.66,2416409.36,V-1020,Vendor A21,7,2404280.69|2563827.26|2670459.1|2685244.12|2728127.42|2862009.52|2878710.93,573,Open Tender,,,0.9,19.733,2129429.25,Payment Pending,CASE-005,Bid Rotation,A recurring sequence of vendors appears across consecutive comparable tenders.
T-5301,Vehicle Maintenance Procurement - Kalaburagi Zone,Water Resources Department,Vehicle Maintenance,Kalaburagi,2026-03-30,2026-04-12,711286.95,657629.74,V-1021,Vendor A22,7,647962.15|668326.19|683173.06|693692.89|714911.39|721210.04|746135.86,40,e-Procurement,,,0.925,15.151,406722.0,Completed,CASE-005,Bid Rotation,A recurring sequence of vendors appears across consecutive comparable tenders.
T-5302,Vehicle Maintenance Procurement - Shivamogga Zone,Water Resources Department,Vehicle Maintenance,Shivamogga,2024-08-08,2024-09-11,491991.34,455860.93,V-1022,Vendor A23,6,445778.91|452979.86|453527.2|474821.4|508626.67|529840.68,329,Open Tender,,,0.927,18.857,437855.94,Completed,CASE-005,Bid Rotation,A recurring sequence of vendors appears across consecutive comparable tenders.
T-5303,Electrical Equipment Procurement - Bengaluru Zone,Water Resources Department,Electrical Equipment,Bengaluru,2026-01-01,2026-01-14,539281.56,496095.7,V-1020,Vendor A21,7,488987.69|516413.08|547545.21|555613.52|564041.69|575455.97|576096.63,210,Open Tender,,,0.92,17.814,472163.14,Completed,CASE-005,Bid Rotation,A recurring sequence of vendors appears across consecutive comparable tenders.
T-5304,Road Infrastructure Procurement - Belagavi Zone,Energy Department,Road Infrastructure,Belagavi,2024-04-10,2024-04-28,11434008.52,10425200.18,V-1021,Vendor A22,9,10169390.03|10527264.19|10608506.34|10615921.58|10836725.69|10974649.75|10988421.9|12162404.26|12244802.85,602,e-Procurement,,,0.912,20.408,8801532.76,Active,CASE-005,Bid Rotation,A recurring sequence of vendors appears across consecutive comparable tenders.
T-5305,IT Equipment Procurement - Tumakuru Zone,Education Department,IT Equipment,Tumakuru,2024-08-13,2024-09-17,1809057.22,1691350.07,V-1022,Vendor A23,10,1634750.36|1640215.91|1675326.87|1679725.65|1696622.11|1697508.38|1725606.9|1832120.07|1926396.13|1937118.65,590,Open Tender,,,0.935,18.496,1441885.01,Completed,CASE-005,Bid Rotation,A recurring sequence of vendors appears across consecutive comparable tenders.
T-5306,Water Infrastructure Procurement - Udupi Zone,Rural Development Department,Water Infrastructure,Udupi,2025-03-08,2025-04-17,8513430.59,7702856.43,V-1020,Vendor A21,2,7504338.85|8669601.16,268,Open Tender,,,0.905,15.528,4255078.03,Completed,CASE-005,Bid Rotation,A recurring sequence of vendors appears across consecutive comparable tenders.
T-5307,Electrical Equipment Procurement - Mangaluru Zone,Energy Department,Electrical Equipment,Mangaluru,2026-03-21,2026-04-21,3591875.14,3534058.78,V-1021,Vendor A22,7,3438179.47|3489067.1|3502156.1|3578994.77|3733973.08|3781789.26|3855307.67,143,e-Procurement,,,0.984,12.132,3509999.63,Completed,CASE-005,Bid Rotation,A recurring sequence of vendors appears across consecutive comparable tenders.
T-5308,School Infrastructure Procurement - Bengaluru Zone,Rural Development Department,School Infrastructure,Bengaluru,2025-08-10,2025-09-02,1342852.86,1227901.13,V-1022,Vendor A23,10,1198416.97|1224265.0|1240987.42|1265338.54|1289594.48|1316734.42|1356505.17|1402664.31|1407162.95|1416444.87,91,Limited Tender,,,0.914,18.193,1160396.86,Active,CASE-005,Bid Rotation,A recurring sequence of vendors appears across consecutive comparable tenders.
T-5309,School Infrastructure Procurement - Mangaluru Zone,Transport Department,School Infrastructure,Mangaluru,2024-12-30,2025-02-04,4039714.08,3767829.71,V-1020,Vendor A21,5,3699702.59|3832094.36|3946986.85|4274938.62|4353296.14,473,e-Procurement,,,0.933,17.666,3589979.86,Completed,CASE-005,Bid Rotation,A recurring sequence of vendors appears across consecutive comparable tenders.
T-5310,Electrical Equipment Procurement - Bengaluru Zone,Water Resources Department,Electrical Equipment,Bengaluru,2025-08-26,2025-10-07,2338730.1,2070543.79,V-1021,Vendor A22,7,2068301.2|2076493.85|2120963.19|2258442.34|2276856.94|2341488.31|2420345.05,682,e-Procurement,,,0.885,17.021,1753046.69,Completed,CASE-005,Bid Rotation,A recurring sequence of vendors appears across consecutive comparable tenders.
T-5311,Water Infrastructure Procurement - Bengaluru Zone,Public Works Department,Water Infrastructure,Bengaluru,2026-03-14,2026-04-12,1614375.25,1492723.66,V-1022,Vendor A23,5,1439130.52|1578021.56|1674168.44|1714100.19|1725887.14,515,Open Tender,,,0.925,19.926,1052600.24,Payment Pending,CASE-005,Bid Rotation,A recurring sequence of vendors appears across consecutive comparable tenders.
T-5312,Vehicle Maintenance Procurement - Belagavi Zone,Transport Department,Vehicle Maintenance,Belagavi,2026-02-27,2026-03-28,485074.12,462752.54,V-1020,Vendor A21,8,461572.75|464920.95|470284.39|483873.76|495648.89|497686.22|506474.8|506771.06,465,Open Tender,,,0.954,9.792,440606.08,Completed,CASE-005,Bid Rotation,A recurring sequence of vendors appears across consecutive comparable tenders.
T-5313,Vehicle Maintenance Procurement - Belagavi Zone,Health Department,Vehicle Maintenance,Belagavi,2026-08-08,2026-09-05,784093.28,698092.48,V-1021,Vendor A22,10,690971.82|692228.38|704323.66|715320.09|774298.4|779522.63|817132.39|832643.61|838724.12|840665.03,558,Open Tender,,,0.89,21.664,475528.46,Completed,CASE-005,Bid Rotation,A recurring sequence of vendors appears across consecutive comparable tenders.
T-5314,Vehicle Maintenance Procurement - Dharwad Zone,Health Department,Vehicle Maintenance,Dharwad,2026-02-01,2026-02-24,1534833.81,1433089.04,V-1022,Vendor A23,6,1402580.83|1420415.34|1503625.42|1535830.04|1612593.76|1650700.42,175,Open Tender,,,0.934,17.69,1151086.06,Completed,CASE-005,Bid Rotation,A recurring sequence of vendors appears across consecutive comparable tenders.
T-5315,School Infrastructure Procurement - Mysuru Zone,Education Department,School Infrastructure,Mysuru,2025-06-12,2025-07-03,5340066.57,5139184.52,V-1022,Vendor A23,7,5069815.36|5109926.59|5160434.31|5216361.83|5314956.41|5534209.85|5547276.59,689,Open Tender,,,0.962,9.418,3057192.63,Active,,,
T-5316,Vehicle Maintenance Procurement - Bengaluru Zone,Public Works Department,Vehicle Maintenance,Bengaluru,2025-06-05,2025-06-23,1313484.69,1204137.02,V-1017,Vendor A18,12,1176778.54|1190388.16|1220003.35|1224820.54|1257994.8|1274109.01|1327761.34|1329244.79|1341581.79|1377792.27|1385074.85|1399078.55,523,Open Tender,,,0.917,18.891,1161847.77,Completed,,,
T-5317,IT Equipment Procurement - Mysuru Zone,Education Department,IT Equipment,Mysuru,2025-01-23,2025-02-05,7341556.33,6876294.43,V-1038,Vendor B13,7,6862115.28|6931893.15|7111676.2|7233039.34|7470428.85|7541941.43|7879871.87,492,Open Tender,,,0.937,14.832,4217552.54,Completed,,,
T-5318,Office Supplies Procurement - Tumakuru Zone,Public Works Department,Office Supplies,Tumakuru,2024-12-16,2025-01-01,230232.83,209300.27,V-1049,Vendor B24,6,202917.84|226276.59|226664.07|232121.88|237777.85|238491.98,347,Open Tender,,,0.909,17.531,136297.08,Completed,,,
T-5319,School Infrastructure Procurement - Shivamogga Zone,Education Department,School Infrastructure,Shivamogga,2024-04-28,2024-05-29,4490103.12,4013176.46,V-1044,Vendor B19,6,3978549.09|4140746.06|4364675.73|4615449.9|4707084.67|4709052.1,103,Open Tender,,,0.894,18.361,3215197.94,Payment Pending,,,
T-5320,School Infrastructure Procurement - Bengaluru Zone,Water Resources Department,School Infrastructure,Bengaluru,2025-06-02,2025-07-05,6055018.45,5668963.07,V-1009,Vendor A10,6,5587017.42|5591752.54|5617545.51|5679277.89|5826313.55|6181000.92,515,Request for Proposal,,,0.936,10.631,5067156.44,Active,,,
T-5321,IT Equipment Procurement - Mangaluru Zone,Education Department,IT Equipment,Mangaluru,2024-11-19,2025-01-02,1337553.78,1210847.44,V-1107,Vendor E4,4,1180417.0|1201521.22|1292673.78|1376771.71,618,Open Tender,,,0.905,16.634,1003439.07,Active,,,
T-5322,School Infrastructure Procurement - Kalaburagi Zone,Transport Department,School Infrastructure,Kalaburagi,2025-06-17,2025-07-08,7534286.82,6737417.07,V-1098,Vendor D21,5,6709394.52|7859907.17|7913698.94|8001026.37|8112778.95,554,Request for Proposal,,,0.894,20.917,4409371.73,Completed,,,
T-5323,Road Infrastructure Procurement - Belagavi Zone,Public Works Department,Road Infrastructure,Belagavi,2026-06-04,2026-06-15,3208635.16,2892032.07,V-1002,Vendor A3,8,2840977.64|2935360.0|2990902.81|3108928.53|3156193.05|3174547.37|3282087.03|3287064.53,99,Open Tender,,,0.901,15.702,1591844.93,Completed,,,
T-5324,School Infrastructure Procurement - Tumakuru Zone,Energy Department,School Infrastructure,Tumakuru,2026-01-07,2026-02-08,3923907.16,3710987.85,V-1070,Vendor C19,2,3686867.8|3810173.21,120,e-Procurement,,,0.946,3.344,3305442.79,Payment Pending,,,
T-5325,Medical Supplies Procurement - Dharwad Zone,Municipal Administration,Medical Supplies,Dharwad,2026-05-01,2026-05-28,2131569.64,2009025.85,V-1092,Vendor D15,4,1988992.19|2088745.7|2201816.05|2219720.09,195,Open Tender,,,0.943,11.6,1995652.36,Completed,,,
T-5326,Water Infrastructure Procurement - Mangaluru Zone,Water Resources Department,Water Infrastructure,Mangaluru,2025-04-23,2025-05-04,3381646.68,3105174.84,V-1047,Vendor B22,4,3045657.52|3124862.95|3371525.52|3651535.56,379,e-Procurement,,,0.918,19.893,2839560.99,Payment Pending,,,
T-5327,IT Equipment Procurement - Hubballi Zone,Energy Department,IT Equipment,Hubballi,2025-01-09,2025-01-23,1403384.32,1261808.2,V-1019,Vendor A20,6,1248818.09|1256107.19|1266525.44|1273055.23|1307246.66|1410697.27,500,e-Procurement,,,0.899,12.963,955306.13,Completed,,,
T-5328,Office Supplies Procurement - Kalaburagi Zone,Water Resources Department,Office Supplies,Kalaburagi,2025-07-13,2025-08-02,836701.56,783290.62,V-1092,Vendor D15,5,764845.82|809384.56|813943.35|868344.96|879909.97,126,Request for Proposal,,,0.936,15.044,749370.43,Completed,,,
T-5329,IT Equipment Procurement - Bengaluru Zone,Education Department,IT Equipment,Bengaluru,2024-01-21,2024-03-01,960424.07,862115.35,V-1065,Vendor C14,4,857711.86|969319.5|969517.77|1003036.03,441,Request for Proposal,,,0.898,16.943,633164.63,Completed,,,
T-5330,IT Equipment Procurement - Dharwad Zone,Public Works Department,IT Equipment,Dharwad,2025-08-18,2025-09-08,2346482.51,2174402.06,V-1081,Vendor D4,6,2095051.55|2282480.83|2343054.8|2432960.39|2452090.8|2467716.08,705,Limited Tender,,,0.927,17.788,1709559.12,Completed,,,
T-5331,Office Supplies Procurement - Dharwad Zone,Public Works Department,Office Supplies,Dharwad,2025-11-19,2025-12-14,959575.0,882425.49,V-1089,Vendor D12,8,852063.67|868463.59|895886.71|905007.52|959130.21|970228.2|981707.08|1011333.69,340,Limited Tender,,,0.92,18.692,674798.18,Payment Pending,,,
T-5332,Water Infrastructure Procurement - Dharwad Zone,Health Department,Water Infrastructure,Dharwad,2024-03-30,2024-04-29,4642682.3,4530883.78,V-1045,Vendor B20,3,4412340.05|4499826.28|4956213.28,229,Request for Proposal,,,0.976,12.326,3404645.36,Completed,,,
T-5333,Vehicle Maintenance Procurement - Belagavi Zone,Rural Development Department,Vehicle Maintenance,Belagavi,2026-02-26,2026-03-29,4653587.37,4210988.65,V-1113,Vendor E10,7,4180180.94|4268819.55|4270347.88|4413830.01|4603771.98|4637239.39|4799381.05,436,Open Tender,,,0.905,14.813,3784987.55,Completed,,,
T-5334,Electrical Equipment Procurement - Dharwad Zone,Water Resources Department,Electrical Equipment,Dharwad,2025-02-15,2025-03-24,2008165.63,1822365.59,V-1116,Vendor E13,6,1777872.55|1877318.73|1898414.92|1907602.48|2006698.26|2062477.88,250,e-Procurement,,,0.907,16.008,1434285.56,Completed,,,
T-5335,Medical Supplies Procurement - Udupi Zone,Rural Development Department,Medical Supplies,Udupi,2026-05-22,2026-06-02,2872923.92,2636706.23,V-1000,Vendor A1,8,2568848.73|2572652.55|2713375.99|2716964.73|2725428.56|2822840.44|2874220.35|2974564.37,233,e-Procurement,,,0.918,15.794,1825978.93,Completed,,,
T-5336,Office Supplies Procurement - Belagavi Zone,Transport Department,Office Supplies,Belagavi,2025-01-02,2025-01-12,538808.33,510101.42,V-1108,Vendor E5,6,492094.03|493105.56|499516.62|527425.55|536630.77|550901.36,565,Open Tender,,,0.947,11.95,339814.86,Completed,,,
T-5337,Electrical Equipment Procurement - Udupi Zone,Education Department,Electrical Equipment,Udupi,2024-01-16,2024-02-17,1401586.34,1292401.89,V-1078,Vendor D1,9,1277338.63|1315318.41|1320143.68|1347056.69|1358970.17|1399816.03|1424973.04|1444987.15|1509253.25,344,Limited Tender,,,0.922,18.156,732774.16,Active,,,
T-5338,Office Supplies Procurement - Bengaluru Zone,Transport Department,Office Supplies,Bengaluru,2025-06-21,2025-07-01,915908.67,913026.22,V-1031,Vendor B6,3,888959.59|979237.37|983379.45,217,Open Tender,,,0.997,10.621,741777.03,Completed,,,
T-5339,Water Infrastructure Procurement - Dharwad Zone,Energy Department,Water Infrastructure,Dharwad,2024-02-05,2024-03-01,12666744.9,11768410.06,V-1050,Vendor B25,6,11394015.8|11476882.65|11569421.19|11646268.82|12776765.59|13486869.5,710,Open Tender,,,0.929,18.368,7690451.64,Completed,,,
T-5340,Vehicle Maintenance Procurement - Udupi Zone,Health Department,Vehicle Maintenance,Udupi,2025-01-18,2025-02-10,1514226.76,1594976.0,V-1114,Vendor E11,2,1584605.31|1632828.38,88,e-Procurement,,,1.053,3.043,983558.32,Completed,,,
T-5341,Office Supplies Procurement - Kalaburagi Zone,Health Department,Office Supplies,Kalaburagi,2025-05-09,2025-05-28,582480.98,569289.0,V-1040,Vendor B15,8,548740.29|557181.89|562693.25|563581.22|586049.87|601368.46|603531.76|618617.64,200,Open Tender,,,0.977,12.734,480607.14,Active,,,
T-5342,Medical Supplies Procurement - Tumakuru Zone,Water Resources Department,Medical Supplies,Tumakuru,2025-03-08,2025-03-21,1703227.56,1540937.87,V-1008,Vendor A9,6,1500101.47|1554216.0|1591301.96|1606389.24|1617903.63|1768414.48,111,Limited Tender,,,0.905,17.886,1319881.34,Active,,,
T-5343,School Infrastructure Procurement - Shivamogga Zone,Public Works Department,School Infrastructure,Shivamogga,2025-12-20,2026-01-26,4103830.72,3721373.85,V-1101,Vendor D24,7,3625252.49|3784906.65|3829014.2|3832674.22|4284134.17|4357910.72|4431603.93,81,Request for Proposal,,,0.907,22.243,3306327.91,Active,,,
T-5344,Medical Supplies Procurement - Hubballi Zone,Transport Department,Medical Supplies,Hubballi,2025-01-08,2025-01-21,1874375.89,1748639.19,V-1066,Vendor C15,6,1682588.61|1686996.41|1751310.97|1777742.64|1791271.91|1955332.35,566,e-Procurement,,,0.933,16.21,1358009.99,Completed,,,
T-5345,School Infrastructure Procurement - Mangaluru Zone,Rural Development Department,School Infrastructure,Mangaluru,2024-11-06,2024-11-25,5620732.03,5602834.63,V-1030,Vendor B5,4,5504656.52|5599113.1|5893838.32|5990310.25,712,Open Tender,,,0.997,8.823,5335717.09,Active,,,
T-5346,Vehicle Maintenance Procurement - Shivamogga Zone,Health Department,Vehicle Maintenance,Shivamogga,2026-02-05,2026-02-20,1620126.53,1486225.44,V-1012,Vendor A13,2,1436858.85|1631444.64,217,Limited Tender,,,0.917,13.542,1443651.38,Payment Pending,,,
T-5347,School Infrastructure Procurement - Bengaluru Zone,Health Department,School Infrastructure,Bengaluru,2025-04-28,2025-05-27,11060319.83,10172629.44,V-1089,Vendor D12,10,9796791.51|10074658.99|10115230.45|10346142.49|10496828.73|10727795.69|11108942.75|11119537.94|11157030.84|11684067.8,517,e-Procurement,,,0.92,19.264,9290834.62,Active,,,
T-5348,IT Equipment Procurement - Belagavi Zone,Water Resources Department,IT Equipment,Belagavi,2024-07-29,2024-08-29,1312746.93,1176414.94,V-1049,Vendor B24,12,1157176.74|1210553.02|1216396.29|1217368.12|1266193.41|1271446.26|1309709.56|1320106.31|1343745.66|1347461.0|1368707.23|1373117.43,298,Open Tender,,,0.896,18.661,983502.97,Active,,,
T-5349,Office Supplies Procurement - Bengaluru Zone,Education Department,Office Supplies,Bengaluru,2026-01-16,2026-02-18,597546.86,578976.89,V-1025,Vendor A26,7,568714.32|583227.66|583909.12|593465.82|621546.5|635402.17|644830.16,687,Limited Tender,,,0.969,13.384,397568.63,Active,,,
T-5350,School Infrastructure Procurement - Kalaburagi Zone,Energy Department,School Infrastructure,Kalaburagi,2026-02-23,2026-03-29,1849443.98,2744544.99,V-1069,Vendor C18,6,1798842.98|1807583.0|1863161.63|1935156.32|1959917.81|1973317.16,682,Limited Tender,,,1.484,9.699,2723481.2,Active,CASE-010,Bid Spread Anomaly,Bid spread is unusually narrow relative to comparable procurements.
T-5351,Vehicle Maintenance Procurement - Shivamogga Zone,Health Department,Vehicle Maintenance,Shivamogga,2024-09-07,2024-09-22,1170312.41,1090921.91,V-1024,Vendor A25,5,1049586.03|1127929.22|1150948.93|1196158.01|1246753.8,461,e-Procurement,,,0.932,18.785,734584.57,Completed,,,
T-5352,IT Equipment Procurement - Mysuru Zone,Education Department,IT Equipment,Mysuru,2025-09-06,2025-09-26,3234338.89,2942203.03,V-1091,Vendor D14,6,2897079.31|3006827.39|3060276.32|3243718.12|3423527.72|3485332.62,532,e-Procurement,,,0.91,20.305,1886527.68,Completed,,,
T-5353,IT Equipment Procurement - Dharwad Zone,Water Resources Department,IT Equipment,Dharwad,2025-10-16,2025-11-25,1130102.56,1058548.5,V-1042,Vendor B17,5,1017914.28|1055257.43|1062173.84|1077239.33|1153248.27,261,Open Tender,,,0.937,13.295,792820.38,Completed,,,
T-5354,Medical Supplies Procurement - Tumakuru Zone,Education Department,Medical Supplies,Tumakuru,2024-10-30,2024-12-06,1929497.25,1752339.41,V-1089,Vendor D12,5,1742629.31|1749677.71|1938659.94|2023728.45|2044890.44,458,e-Procurement,,,0.908,17.345,1008608.46,Active,,,
T-5355,Electrical Equipment Procurement - Kalaburagi Zone,Education Department,Electrical Equipment,Kalaburagi,2026-01-25,2026-02-05,3067072.85,2827894.8,V-1065,Vendor C14,5,2822266.05|2876393.14|3192895.96|3220507.92|3283154.32,702,Open Tender,,,0.922,16.33,2800527.87,Active,,,
T-5356,Vehicle Maintenance Procurement - Mangaluru Zone,Municipal Administration,Vehicle Maintenance,Mangaluru,2024-08-07,2024-08-21,1363811.04,1229914.78,V-1001,Vendor A2,15,1204074.12|1213658.89|1234407.77|1257486.14|1288376.71|1293349.63|1363636.09|1382176.63|1391459.19|1394825.81|1408965.02|1423312.92|1423609.85|1446510.01|1460182.4,42,Open Tender,,,0.902,21.27,1002128.54,Completed,,,
T-5357,Road Infrastructure Procurement - Tumakuru Zone,Energy Department,Road Infrastructure,Tumakuru,2025-01-05,2025-02-03,15991901.89,14961560.92,V-1097,Vendor D20,8,14882700.08|15527998.82|15678043.32|16077723.72|16482775.25|16643391.03|16688579.73|17203919.68,537,e-Procurement,,,0.936,15.597,11978651.2,Payment Pending,,,
T-5358,School Infrastructure Procurement - Kalaburagi Zone,Transport Department,School Infrastructure,Kalaburagi,2025-07-04,2025-08-04,4194836.89,3872884.63,V-1043,Vendor B18,7,3776331.12|3799601.53|3887515.13|3990185.31|4214248.79|4295510.29|4353329.54,237,e-Procurement,,,0.923,15.279,3273007.05,Active,,,
T-5359,Medical Supplies Procurement - Bengaluru Zone,Energy Department,Medical Supplies,Bengaluru,2024-05-25,2024-06-17,2078058.22,1888411.67,V-1059,Vendor C8,9,1861495.4|1877310.75|1908352.06|1948859.82|2016250.61|2017074.47|2025917.39|2070295.02|2183281.03,634,Open Tender,,,0.909,17.286,1460989.78,Completed,,,
T-5360,Vehicle Maintenance Procurement - Shivamogga Zone,Education Department,Vehicle Maintenance,Shivamogga,2025-03-15,2025-04-25,656996.08,599207.67,V-1109,Vendor E6,2,585440.4|650976.37,46,Request for Proposal,,,0.912,11.194,338209.94,Completed,,,
T-5361,IT Equipment Procurement - Belagavi Zone,Municipal Administration,IT Equipment,Belagavi,2025-09-04,2025-10-04,10354119.9,9315425.81,V-1073,Vendor C22,10,9184434.13|9461303.38|9606231.8|9743433.26|9747550.18|9780802.38|10065597.78|10238378.7|10254124.72|11077419.73,719,Open Tender,,,0.9,20.611,7690257.37,Active,,,
T-5362,Road Infrastructure Procurement - Tumakuru Zone,Energy Department,Road Infrastructure,Tumakuru,2024-05-13,2024-06-25,19103026.44,17750126.07,V-1065,Vendor C14,6,17103407.22|17718286.31|17903699.94|18680006.2|19347671.38|19572077.09,492,Limited Tender,,,0.929,14.434,15483048.81,Completed,,,
T-5363,Water Infrastructure Procurement - Kalaburagi Zone,Public Works Department,Water Infrastructure,Kalaburagi,2024-06-30,2024-08-02,7722589.52,7014386.89,V-1030,Vendor B5,5,6991472.08|7071605.78|7288927.96|7557372.63|8195075.57,138,Limited Tender,,,0.908,17.215,5173370.41,Active,,,
T-5364,Road Infrastructure Procurement - Udupi Zone,Education Department,Road Infrastructure,Udupi,2024-12-03,2025-01-12,1496552.34,1370835.98,V-1071,Vendor C20,5,1318138.87|1332537.31|1350981.5|1396297.48|1518120.5,462,e-Procurement,,,0.916,15.172,1221117.4,Completed,,,
T-5365,Water Infrastructure Procurement - Shivamogga Zone,Transport Department,Water Infrastructure,Shivamogga,2025-02-06,2025-03-09,4637088.11,4370293.61,V-1100,Vendor D23,5,4261480.95|4266782.16|4371361.97|4656152.89|4896908.55,195,e-Procurement,,,0.942,14.911,2850089.53,Active,,,
T-5366,IT Equipment Procurement - Belagavi Zone,Health Department,IT Equipment,Belagavi,2025-12-06,2026-01-09,1835427.78,1669465.74,V-1049,Vendor B24,8,1625260.49|1678827.64|1679373.81|1763341.68|1800684.48|1862094.47|1881235.28|1979904.64,50,e-Procurement,,,0.91,21.821,1084442.32,Completed,,,
T-5367,IT Equipment Procurement - Dharwad Zone,Rural Development Department,IT Equipment,Dharwad,2024-05-28,2024-07-11,1924378.84,1731252.13,V-1049,Vendor B24,4,1717190.44|1866672.18|1974383.26|2035510.38,130,e-Procurement,,,0.9,18.537,1077942.75,Active,,,
T-5368,Road Infrastructure Procurement - Belagavi Zone,Health Department,Road Infrastructure,Belagavi,2024-08-30,2024-09-10,5061036.95,5005871.33,V-1094,Vendor D17,3,4971900.58|4987153.53|5022162.63,428,Limited Tender,,,0.989,1.011,3591200.29,Payment Pending,,,
T-5369,Electrical Equipment Procurement - Shivamogga Zone,Public Works Department,Electrical Equipment,Shivamogga,2024-08-09,2024-09-05,3033538.25,2685928.36,V-1114,Vendor E11,8,2670838.79|2724009.43|2725644.2|2730755.72|2790255.33|2825334.41|3057001.23|3276129.84,585,Open Tender,,,0.885,22.663,2501016.74,Active,,,
T-5370,School Infrastructure Procurement - Belagavi Zone,Education Department,School Infrastructure,Belagavi,2025-01-14,2025-02-19,1752647.79,1585310.82,V-1115,Vendor E12,7,1560285.69|1585556.83|1632962.02|1660533.0|1683334.22|1716373.39|1874581.8,129,e-Procurement,,,0.905,20.143,1462545.03,Completed,,,
T-5371,Medical Supplies Procurement - Belagavi Zone,Public Works Department,Medical Supplies,Belagavi,2024-04-12,2024-05-09,1531376.81,1434441.3,V-1036,Vendor B11,7,1380017.06|1384784.82|1405920.84|1459929.48|1540015.8|1564218.2|1592158.23,393,Open Tender,,,0.937,15.372,1036055.2,Completed,,,
T-5372,Water Infrastructure Procurement - Hubballi Zone,Rural Development Department,Water Infrastructure,Hubballi,2026-04-14,2026-05-02,1589059.63,1491218.88,V-1019,Vendor A20,7,1448955.12|1466865.03|1468631.65|1510926.9|1522539.54|1531688.69|1609981.45,333,Open Tender,,,0.938,11.113,1215497.63,Payment Pending,,,
T-5373,Electrical Equipment Procurement - Kalaburagi Zone,Public Works Department,Electrical Equipment,Kalaburagi,2026-03-03,2026-03-26,1719027.63,1566615.71,V-1018,Vendor A19,7,1525541.34|1552490.16|1611473.15|1625425.62|1646357.78|1819375.23|1828220.51,423,Limited Tender,,,0.911,19.841,1369797.61,Completed,,,
T-5374,IT Equipment Procurement - Hubballi Zone,Municipal Administration,IT Equipment,Hubballi,2024-04-14,2024-05-26,4135334.51,3729395.63,V-1075,Vendor C24,6,3719631.44|3889750.03|3928573.46|4166948.66|4406920.58|4450795.55,265,e-Procurement,,,0.902,19.657,2455967.57,Completed,,,
T-5375,Water Infrastructure Procurement - Bengaluru Zone,Water Resources Department,Water Infrastructure,Bengaluru,2025-09-14,2025-10-28,6475978.52,6001712.77,V-1108,Vendor E5,9,5967629.1|6258536.19|6284568.15|6427609.99|6435584.91|6623122.29|6686043.09|6822732.4|6950785.31,228,e-Procurement,,,0.927,16.475,3755052.55,Completed,,,
T-5376,School Infrastructure Procurement - Mysuru Zone,Municipal Administration,School Infrastructure,Mysuru,2024-10-07,2024-11-20,7843355.55,7521676.4,V-1045,Vendor B20,3,7390813.22|8038745.94|8130302.54,590,Open Tender,,,0.959,10.006,7427228.19,Active,,,
T-5377,Water Infrastructure Procurement - Hubballi Zone,Energy Department,Water Infrastructure,Hubballi,2024-08-06,2024-08-25,10909846.92,10452547.66,V-1032,Vendor B7,7,10188573.91|10206211.55|10744573.04|10860068.94|11064171.78|11179395.57|11637344.15,144,Limited Tender,,,0.958,14.22,8653672.48,Completed,,,
T-5378,School Infrastructure Procurement - Tumakuru Zone,Public Works Department,School Infrastructure,Tumakuru,2024-08-26,2024-09-08,4224648.91,3860401.99,V-1011,Vendor A12,8,3797450.28|3823903.71|3918350.07|3943505.87|4044144.99|4073838.4|4454037.67|4544809.33,282,Open Tender,,,0.914,19.681,3828117.74,Active,,,
T-5379,IT Equipment Procurement - Udupi Zone,Energy Department,IT Equipment,Udupi,2025-02-18,2025-03-25,4731117.63,4265301.14,V-1051,Vendor B26,8,4170345.67|4198894.02|4232538.35|4422333.09|4653721.97|4727577.41|4834953.45|5090687.74,261,Request for Proposal,,,0.902,22.069,2994199.58,Payment Pending,,,
T-5380,Vehicle Maintenance Procurement - Shivamogga Zone,Health Department,Vehicle Maintenance,Shivamogga,2025-01-09,2025-02-20,1162383.1,1104428.32,V-1016,Vendor A17,5,1082623.69|1148805.75|1169223.43|1169850.81|1209065.03,305,Request for Proposal,,,0.95,11.679,956837.23,Active,,,
T-5381,Road Infrastructure Procurement - Shivamogga Zone,Water Resources Department,Road Infrastructure,Shivamogga,2026-08-25,2026-10-05,19407395.67,17502540.74,V-1024,Vendor A25,9,17186572.65|17231506.72|18035900.04|19135895.28|19409471.36|19955882.47|20290860.15|20532389.58|20835254.31,608,Request for Proposal,,,0.902,21.23,11379655.55,Completed,,,
T-5382,Vehicle Maintenance Procurement - Shivamogga Zone,Rural Development Department,Vehicle Maintenance,Shivamogga,2025-08-20,2025-09-06,1092653.77,1025938.71,V-1090,Vendor D13,4,992240.48|1058333.73|1084226.87|1100030.07,436,Request for Proposal,,,0.939,10.863,684855.21,Completed,,,
T-5383,Road Infrastructure Procurement - Mysuru Zone,Water Resources Department,Road Infrastructure,Mysuru,2024-01-20,2024-02-07,8477181.43,7660394.68,V-1119,Vendor E16,7,7540929.92|7993282.95|8017843.29|8057104.84|8328133.22|8912182.89|9054799.94,717,Open Tender,,,0.904,20.075,5977834.6,Completed,,,
T-5384,Office Supplies Procurement - Mysuru Zone,Public Works Department,Office Supplies,Mysuru,2024-08-11,2024-09-15,948704.24,854987.7,V-1115,Vendor E12,6,845909.83|864630.57|884623.88|917600.11|980362.29|1014651.54,115,e-Procurement,,,0.901,19.948,593214.54,Completed,,,
T-5385,Electrical Equipment Procurement - Tumakuru Zone,Health Department,Electrical Equipment,Tumakuru,2026-04-23,2026-05-22,2442913.31,2207680.79,V-1019,Vendor A20,5,2205824.64|2211392.38|2281124.8|2408484.65|2419805.25,720,Open Tender,,,0.904,9.701,1380749.14,Active,,,
T-5386,Medical Supplies Procurement - Mysuru Zone,Water Resources Department,Medical Supplies,Mysuru,2024-11-26,2025-01-04,979215.97,892144.01,V-1053,Vendor C2,11,868144.81|871422.61|873946.29|880252.68|906831.36|959469.07|979334.77|979983.76|995902.1|1002956.96|1054007.93,423,Limited Tender,,,0.911,21.409,596216.56,Completed,,,
T-5387,Medical Supplies Procurement - Bengaluru Zone,Energy Department,Medical Supplies,Bengaluru,2024-08-15,2024-09-11,1102719.32,1019820.78,V-1010,Vendor A11,8,996210.84|998374.03|1084443.27|1086879.36|1113199.52|1127852.05|1174320.79|1184087.74,210,e-Procurement,,,0.925,18.859,577307.06,Active,,,
T-5388,Office Supplies Procurement - Dharwad Zone,Education Department,Office Supplies,Dharwad,2026-02-22,2026-03-24,998097.69,905320.1,V-1047,Vendor B22,6,891460.58|910998.83|925877.22|933611.52|1019254.42|1045353.56,322,e-Procurement,,,0.907,17.263,784904.04,Payment Pending,,,
T-5389,Road Infrastructure Procurement - Shivamogga Zone,Rural Development Department,Road Infrastructure,Shivamogga,2025-09-30,2025-11-02,10820734.69,9870035.13,V-1070,Vendor C19,7,9543821.42|9695515.5|9705692.94|10549032.93|11191828.21|11270067.58|11502741.41,109,e-Procurement,,,0.912,20.526,7614263.23,Completed,,,
T-5390,Office Supplies Procurement - Mysuru Zone,Health Department,Office Supplies,Mysuru,2024-12-24,2025-01-10,478323.56,487163.43,V-1065,Vendor C14,5,485609.13|490738.02|491282.64|507764.45|512742.17,106,e-Procurement,,,1.018,5.587,288600.19,Payment Pending,,,
T-5391,Water Infrastructure Procurement - Belagavi Zone,Public Works Department,Water Infrastructure,Belagavi,2026-08-23,2026-09-29,9306307.53,8489383.44,V-1028,Vendor B3,4,8303727.62|9349882.89|9519538.02|9996006.68,484,Request for Proposal,,,0.912,20.38,5325070.16,Active,,,
T-5392,Office Supplies Procurement - Bengaluru Zone,Public Works Department,Office Supplies,Bengaluru,2025-09-18,2025-10-11,1086159.22,986817.19,V-1010,Vendor A11,4,957665.62|1028398.28|1069178.39|1083042.88,504,Limited Tender,,,0.909,13.092,588281.73,Active,,,
T-5393,Vehicle Maintenance Procurement - Udupi Zone,Municipal Administration,Vehicle Maintenance,Udupi,2026-07-10,2026-08-13,787379.53,726177.55,V-1024,Vendor A25,4,722803.82|756414.14|799422.05|821826.88,695,Limited Tender,,,0.922,13.7,599580.67,Active,,,
T-5394,Road Infrastructure Procurement - Belagavi Zone,Transport Department,Road Infrastructure,Belagavi,2024-08-15,2024-09-11,8977151.47,8414942.18,V-1109,Vendor E6,7,8385886.83|8565084.84|8921352.02|9227727.55|9482940.29|9551757.68|9591019.12,691,Open Tender,,,0.937,14.371,4984966.84,Active,,,
T-5395,Vehicle Maintenance Procurement - Bengaluru Zone,Education Department,Vehicle Maintenance,Bengaluru,2026-06-19,2026-07-26,1629272.69,1529651.01,V-1077,Vendor C26,5,1522495.17|1532057.97|1558894.32|1677824.69|1712169.92,713,Request for Proposal,,,0.939,12.458,1360512.99,Active,,,
T-5396,Electrical Equipment Procurement - Bengaluru Zone,Public Works Department,Electrical Equipment,Bengaluru,2024-12-06,2025-01-06,859346.9,786654.53,V-1074,Vendor C23,10,766038.11|771134.71|789801.5|800635.06|837815.3|845620.53|860282.64|890615.54|896916.38|910839.07,629,Limited Tender,,,0.915,18.903,439920.74,Completed,,,
T-5397,Medical Supplies Procurement - Belagavi Zone,Rural Development Department,Medical Supplies,Belagavi,2024-02-20,2024-03-12,2056534.96,2075036.76,V-1069,Vendor C18,2,2009264.64|2032196.71,297,Limited Tender,,,1.009,1.141,1374128.99,Active,,,
T-5398,Office Supplies Procurement - Udupi Zone,Rural Development Department,Office Supplies,Udupi,2025-07-17,2025-08-26,1060905.6,981949.4,V-1040,Vendor B15,7,951717.72|1005313.89|1029036.84|1058225.73|1069260.19|1094081.41|1126016.9,227,e-Procurement,,,0.926,18.314,933637.49,Completed,,,
T-5399,IT Equipment Procurement - Udupi Zone,Rural Development Department,IT Equipment,Udupi,2025-08-26,2025-09-09,2964479.32,2704620.14,V-1049,Vendor B24,8,2697544.04|2726136.98|2851084.29|2863046.08|2864245.14|2868443.11|2917743.55|2955918.67,424,Limited Tender,,,0.912,9.578,2362050.5,Completed,,,
T-5400,Road Infrastructure Procurement - Mangaluru Zone,Energy Department,Road Infrastructure,Mangaluru,2026-06-16,2026-07-09,16044487.48,14738305.76,V-1020,Vendor A21,5,14537326.05|14606837.81|15184505.2|16507987.59|16547608.02,321,Open Tender,V-1006,V-1020,0.919,13.828,8590011.49,Completed,CASE-006,Vendor Relationship,Participating vendors contain shared synthetic identity attributes that warrant verification.
T-5401,School Infrastructure Procurement - Shivamogga Zone,Energy Department,School Infrastructure,Shivamogga,2025-04-05,2025-05-14,5984952.86,5332107.66,V-1053,Vendor C2,13,5286059.56|5353823.13|5545881.82|5637069.77|5687751.85|5712825.58|5898266.35|5917304.25|5931442.38|6051309.2|6097627.56|6212538.32|6301440.74,445,Limited Tender,V-1006,V-1020,0.891,19.209,4902908.97,Completed,CASE-006,Vendor Relationship,Participating vendors contain shared synthetic identity attributes that warrant verification.
T-5402,Medical Supplies Procurement - Mangaluru Zone,Energy Department,Medical Supplies,Mangaluru,2025-01-19,2025-01-29,3334268.48,3036764.61,V-1001,Vendor A2,5,2936766.4|2950733.92|3085670.54|3137228.68|3205169.8,614,Open Tender,V-1006,V-1020,0.911,9.139,2343974.76,Completed,CASE-006,Vendor Relationship,Participating vendors contain shared synthetic identity attributes that warrant verification.
T-5403,School Infrastructure Procurement - Belagavi Zone,Education Department,School Infrastructure,Belagavi,2025-07-10,2025-08-04,4012079.93,3607090.54,V-1021,Vendor A22,6,3540722.98|3635306.64|3654172.9|3705776.24|3726129.82|4096619.57,400,Open Tender,V-1006,V-1020,0.899,15.7,3358390.17,Completed,CASE-006,Vendor Relationship,Participating vendors contain shared synthetic identity attributes that warrant verification.
T-5404,Water Infrastructure Procurement - Hubballi Zone,Education Department,Water Infrastructure,Hubballi,2024-05-04,2024-05-17,3853404.79,3415205.77,V-1061,Vendor C10,7,3394160.79|3399484.0|3404319.79|3712089.68|3756377.66|3814627.68|4052058.71,618,Request for Proposal,V-1006,V-1020,0.886,19.383,2801605.65,Active,CASE-006,Vendor Relationship,Participating vendors contain shared synthetic identity attributes that warrant verification.
T-5405,Vehicle Maintenance Procurement - Belagavi Zone,Health Department,Vehicle Maintenance,Belagavi,2025-12-06,2025-12-30,1502612.12,1470023.67,V-1072,Vendor C21,5,1465680.86|1493652.71|1526404.99|1581302.06|1621187.53,470,e-Procurement,,,0.978,10.61,1259552.83,Completed,,,
T-5406,Water Infrastructure Procurement - Tumakuru Zone,Health Department,Water Infrastructure,Tumakuru,2024-08-02,2024-09-09,11772523.14,10917391.36,V-1118,Vendor E15,6,10508597.46|10511687.7|11455148.71|11768255.61|11776823.29|12514585.63,471,Request for Proposal,,,0.927,19.089,10885465.66,Completed,,,
T-5407,Vehicle Maintenance Procurement - Belagavi Zone,Transport Department,Vehicle Maintenance,Belagavi,2025-10-27,2025-12-04,1266669.22,1176283.12,V-1067,Vendor C16,2,1156400.83|1275816.0,668,Request for Proposal,,,0.929,10.326,769937.29,Completed,,,
T-5408,Office Supplies Procurement - Mysuru Zone,Health Department,Office Supplies,Mysuru,2026-02-07,2026-03-22,984527.83,949073.57,V-1003,Vendor A4,2,920417.68|945152.55,409,e-Procurement,,,0.964,2.687,788467.08,Completed,,,
T-5409,Medical Supplies Procurement - Shivamogga Zone,Public Works Department,Medical Supplies,Shivamogga,2024-11-12,2024-12-04,1152231.89,1058401.13,V-1076,Vendor C25,6,1036558.07|1079774.85|1086057.97|1086995.51|1121671.78|1235563.93,680,e-Procurement,,,0.919,19.199,801362.73,Completed,,,
T-5410,IT Equipment Procurement - Bengaluru Zone,Energy Department,IT Equipment,Bengaluru,2025-05-09,2025-05-27,1237777.59,1129975.82,V-1069,Vendor C18,7,1092418.35|1102135.09|1121644.63|1147559.93|1207364.5|1286185.68|1320090.78,244,e-Procurement,,,0.913,20.841,641547.59,Completed,,,
T-5411,IT Equipment Procurement - Kalaburagi Zone,Health Department,IT Equipment,Kalaburagi,2026-05-11,2026-06-08,1586639.1,1476003.63,V-1093,Vendor D16,8,1424487.68|1458833.0|1464003.79|1524760.53|1558563.73|1610785.54|1687714.85|1691847.37,195,e-Procurement,,,0.93,18.769,821413.42,Active,,,
T-5412,IT Equipment Procurement - Udupi Zone,Water Resources Department,IT Equipment,Udupi,2026-07-04,2026-07-30,1202500.22,1174650.94,V-1060,Vendor C9,2,1154701.46|1263846.59,304,e-Procurement,,,0.977,9.452,709081.4,Completed,,,
T-5413,Water Infrastructure Procurement - Tumakuru Zone,Public Works Department,Water Infrastructure,Tumakuru,2024-04-13,2024-05-13,2746554.29,2467813.7,V-1055,Vendor C4,10,2459656.05|2515652.14|2583609.07|2632758.54|2693311.02|2709399.03|2734509.06|2916294.41|2943079.4|2943196.23,445,Open Tender,,,0.899,19.659,2078124.41,Completed,,,
T-5414,IT Equipment Procurement - Tumakuru Zone,Energy Department,IT Equipment,Tumakuru,2024-04-21,2024-05-11,1871421.5,1706922.7,V-1039,Vendor B14,5,1650511.19|1658001.04|1674968.25|1847340.07|1910412.78,299,Open Tender,,,0.912,15.747,1374454.08,Active,,,
T-5415,Road Infrastructure Procurement - Mangaluru Zone,Water Resources Department,Road Infrastructure,Mangaluru,2025-03-25,2025-04-25,8654173.63,7702035.41,V-1028,Vendor B3,12,7622001.26|7681071.53|7961098.28|8013273.71|8169643.0|8279564.55|8345694.3|8466789.9|8729239.45|9011950.68|9166909.61|9225358.4,494,Open Tender,,,0.89,21.036,6154259.81,Active,,,
T-5416,IT Equipment Procurement - Tumakuru Zone,Municipal Administration,IT Equipment,Tumakuru,2025-12-02,2025-12-23,1267231.42,1143329.15,V-1051,Vendor B26,10,1125189.35|1127446.73|1168457.36|1211312.45|1219569.97|1258586.01|1271121.27|1271173.17|1346011.19|1351986.59,106,e-Procurement,,,0.902,20.156,645221.28,Active,,,
T-5417,Water Infrastructure Procurement - Kalaburagi Zone,Health Department,Water Infrastructure,Kalaburagi,2026-04-24,2026-05-23,3041491.87,2964485.35,V-1087,Vendor D10,7,2865106.04|2869501.08|2965558.51|2979414.16|3142654.36|3170431.5|3252950.77,172,Limited Tender,,,0.975,13.537,2256525.78,Completed,,,
T-5418,Electrical Equipment Procurement - Mysuru Zone,Public Works Department,Electrical Equipment,Mysuru,2025-12-21,2026-02-01,520962.95,515616.74,V-1002,Vendor A3,3,507224.32|525262.53|550922.69,361,e-Procurement,,,0.99,8.615,498127.16,Active,,,
T-5419,School Infrastructure Procurement - Shivamogga Zone,Rural Development Department,School Infrastructure,Shivamogga,2025-12-18,2026-01-20,2686204.58,2475825.07,V-1105,Vendor E2,6,2396461.46|2585924.51|2598122.31|2657523.94|2687110.7|2766077.36,342,e-Procurement,,,0.922,15.423,1804669.35,Completed,,,
T-5420,School Infrastructure Procurement - Bengaluru Zone,Municipal Administration,School Infrastructure,Bengaluru,2026-04-19,2026-05-13,2138328.64,1951453.74,V-1056,Vendor C5,4,1949031.63|2011400.95|2065389.35|2083034.0,691,e-Procurement,,,0.913,6.875,1622077.84,Completed,,,
T-5421,Water Infrastructure Procurement - Udupi Zone,Municipal Administration,Water Infrastructure,Udupi,2025-12-22,2026-01-27,3364558.44,3198339.34,V-1009,Vendor A10,2,3193383.28|3379030.96,654,Open Tender,,,0.951,5.814,2881442.77,Completed,,,
T-5422,Road Infrastructure Procurement - Belagavi Zone,Education Department,Road Infrastructure,Belagavi,2024-12-14,2025-01-15,13866990.61,12878370.68,V-1118,Vendor E15,5,12780461.45|12872018.33|12897640.67|12978598.69|14438049.49,498,Open Tender,,,0.929,12.97,11626160.02,Completed,,,
T-5423,School Infrastructure Procurement - Mangaluru Zone,Water Resources Department,School Infrastructure,Mangaluru,2026-04-11,2026-05-01,5399184.91,4875404.94,V-1064,Vendor C13,11,4754426.9|4761454.63|4833676.94|5031392.15|5085744.14|5185175.76|5417417.7|5507659.79|5542479.48|5624647.29|5678594.92,681,Request for Proposal,,,0.903,19.438,3820738.02,Completed,,,
T-5424,School Infrastructure Procurement - Hubballi Zone,Municipal Administration,School Infrastructure,Hubballi,2025-07-28,2025-08-11,8360454.54,7519530.72,V-1024,Vendor A25,8,7387277.78|7488169.95|7583759.14|8202898.15|8507964.59|8669802.78|8686993.57|8916878.37,418,Open Tender,,,0.899,20.706,7038870.1,Completed,,,
T-5425,Office Supplies Procurement - Tumakuru Zone,Education Department,Office Supplies,Tumakuru,2025-09-21,2025-10-24,1209854.63,1159446.01,V-1001,Vendor A2,6,1124430.53|1190552.73|1228509.09|1282352.14|1285065.06|1292925.7,652,e-Procurement,,,0.958,14.985,841897.1,Active,,,
T-5426,Electrical Equipment Procurement - Mysuru Zone,Education Department,Electrical Equipment,Mysuru,2026-06-16,2026-07-28,1820702.08,1666316.81,V-1112,Vendor E9,6,1607100.75|1609299.0|1623438.22|1682857.05|1895572.37|1956512.48,375,e-Procurement,,,0.915,21.742,1582854.24,Completed,,,
T-5427,Electrical Equipment Procurement - Udupi Zone,Rural Development Department,Electrical Equipment,Udupi,2025-12-19,2026-01-25,796809.4,730120.23,V-1018,Vendor A19,6,704117.9|714864.61|715683.92|750570.09|799771.17|805414.02,606,Open Tender,,,0.916,14.386,480493.75,Completed,,,
T-5428,Medical Supplies Procurement - Hubballi Zone,Transport Department,Medical Supplies,Hubballi,2026-02-04,2026-03-13,2307268.63,2106365.63,V-1102,Vendor D25,9,2034625.87|2043405.39|2061309.68|2123332.76|2143334.92|2151145.62|2313452.96|2440974.38|2472941.67,187,Open Tender,,,0.913,21.543,1424108.29,Completed,,,
T-5429,Medical Supplies Procurement - Hubballi Zone,Education Department,Medical Supplies,Hubballi,2026-03-30,2026-04-26,1244514.83,1114691.14,V-1110,Vendor E7,9,1111558.29|1125659.04|1197229.19|1215143.02|1228096.22|1237520.04|1267556.47|1314073.92|1321043.33,631,Limited Tender,,,0.896,18.846,639726.02,Completed,,,
T-5430,Office Supplies Procurement - Shivamogga Zone,Municipal Administration,Office Supplies,Shivamogga,2024-10-14,2024-11-11,1124106.99,1044202.2,V-1034,Vendor B9,8,1019019.64|1038463.34|1048750.53|1088819.02|1151076.46|1158687.61|1163377.21|1199105.87,254,Open Tender,,,0.929,17.672,948147.95,Active,,,
T-5431,Water Infrastructure Procurement - Mysuru Zone,Water Resources Department,Water Infrastructure,Mysuru,2024-07-10,2024-08-07,6953286.93,6419742.45,V-1014,Vendor A15,13,6216379.64|6302508.2|6502614.23|6519010.27|6728706.91|6813618.29|6968616.72|6986929.82|7135362.97|7143895.33|7170554.33|7321173.3|7377384.43,178,e-Procurement,,,0.923,18.677,4735682.59,Completed,,,
T-5432,Electrical Equipment Procurement - Kalaburagi Zone,Education Department,Electrical Equipment,Kalaburagi,2025-11-15,2025-12-19,2208926.91,2042290.6,V-1016,Vendor A17,3,2003385.05|2082931.95|2377444.88,352,Limited Tender,,,0.925,18.671,1333825.05,Active,,,
T-5433,Road Infrastructure Procurement - Bengaluru Zone,Public Works Department,Road Infrastructure,Bengaluru,2025-12-10,2026-01-07,15308280.9,14226969.67,V-1088,Vendor D11,12,13724603.43|14158811.08|14276613.53|14282899.09|14896505.49|15418315.53|15719491.91|15790262.44|15790639.91|15950525.76|16150198.66|16185798.99,290,Open Tender,,,0.929,17.933,9308786.28,Completed,,,
T-5434,IT Equipment Procurement - Udupi Zone,Rural Development Department,IT Equipment,Udupi,2026-01-31,2026-03-05,3103107.83,2913080.2,V-1026,Vendor B1,8,2812387.16|2882610.67|2918334.33|3081849.87|3174294.56|3296899.75|3312694.6|3317889.82,250,e-Procurement,,,0.939,17.974,2783826.75,Active,,,
T-5435,Road Infrastructure Procurement - Belagavi Zone,Transport Department,Road Infrastructure,Belagavi,2024-09-30,2024-11-02,5263529.24,4761663.96,V-1102,Vendor D25,7,4680403.01|4988303.53|5130293.45|5204449.19|5277393.75|5328693.39|5546497.72,385,Limited Tender,,,0.905,18.505,4405788.96,Completed,,,
T-5436,Vehicle Maintenance Procurement - Dharwad Zone,Education Department,Vehicle Maintenance,Dharwad,2026-01-03,2026-02-07,1922309.14,1774503.88,V-1025,Vendor A26,7,1756654.09|1815601.68|1843473.39|1860880.49|1933236.63|2011969.36|2048953.77,269,Request for Proposal,,,0.923,16.64,1417986.35,Active,,,
T-5437,IT Equipment Procurement - Dharwad Zone,Public Works Department,IT Equipment,Dharwad,2025-01-19,2025-02-04,1954065.35,1777602.76,V-1077,Vendor C26,3,1768879.78|1893738.97|2069606.95,589,Open Tender,,,0.91,17.001,1470521.63,Completed,,,
T-5438,Water Infrastructure Procurement - Hubballi Zone,Public Works Department,Water Infrastructure,Hubballi,2024-02-29,2024-03-14,4787222.21,4493772.48,V-1076,Vendor C25,7,4347275.54|4411735.32|4484197.92|4695374.64|4734449.48|4808812.0|5120819.93,630,Open Tender,,,0.939,17.794,3430754.9,Completed,,,
T-5439,Electrical Equipment Procurement - Kalaburagi Zone,Public Works Department,Electrical Equipment,Kalaburagi,2026-01-15,2026-01-28,2583666.5,2371053.99,V-1106,Vendor E3,8,2294598.51|2340303.93|2415575.76|2461779.99|2495985.35|2604018.77|2732357.29|2745779.94,207,Open Tender,,,0.918,19.663,1721977.83,Active,,,
T-5440,Office Supplies Procurement - Bengaluru Zone,Health Department,Office Supplies,Bengaluru,2026-04-27,2026-06-06,418384.76,377078.25,V-1087,Vendor D10,7,373869.48|384394.27|388763.1|408540.69|412701.99|426992.31|447581.01,248,Open Tender,,,0.901,19.716,362735.93,Completed,,,
T-5441,Electrical Equipment Procurement - Tumakuru Zone,Rural Development Department,Electrical Equipment,Tumakuru,2024-08-24,2024-10-07,4471469.64,4229350.48,V-1118,Vendor E15,7,4174362.23|4341753.0|4355913.45|4372491.65|4393287.08|4566839.4|4776101.93,673,Open Tender,,,0.946,14.415,2565209.83,Completed,,,
T-5442,Medical Supplies Procurement - Tumakuru Zone,Water Resources Department,Medical Supplies,Tumakuru,2026-01-09,2026-01-31,1061090.73,994837.6,V-1025,Vendor A26,8,975589.32|1012961.21|1030074.31|1035653.18|1048487.3|1083266.17|1114060.41|1119527.8,488,Open Tender,,,0.938,14.754,734489.65,Completed,,,
T-5443,IT Equipment Procurement - Mysuru Zone,Energy Department,IT Equipment,Mysuru,2025-09-09,2025-10-10,1626996.72,1514804.4,V-1041,Vendor B16,7,1484995.19|1513428.19|1517345.55|1528836.02|1549801.3|1654146.25|1654290.16,602,Limited Tender,,,0.931,11.4,1068017.17,Completed,,,
T-5444,Medical Supplies Procurement - Bengaluru Zone,Health Department,Medical Supplies,Bengaluru,2025-04-06,2025-05-11,5010211.96,4499779.73,V-1047,Vendor B22,4,4470720.33|4687771.94|4946660.61|5220900.52,163,e-Procurement,,,0.898,16.78,3483584.68,Completed,,,
T-5445,Medical Supplies Procurement - Bengaluru Zone,Public Works Department,Medical Supplies,Bengaluru,2025-08-29,2025-10-03,1698937.86,1612702.91,V-1068,Vendor C17,4,1608124.24|1663494.88|1669434.11|1693867.48,340,Open Tender,,,0.949,5.332,1219097.52,Completed,,,
T-5446,Vehicle Maintenance Procurement - Mangaluru Zone,Public Works Department,Vehicle Maintenance,Mangaluru,2025-06-16,2025-07-12,1856706.46,1690304.97,V-1066,Vendor C15,8,1665803.76|1701414.68|1706771.58|1778864.58|1788296.04|1808126.66|1890155.16|1899083.61,649,Open Tender,,,0.91,14.004,1324354.43,Completed,,,
T-5447,Medical Supplies Procurement - Belagavi Zone,Rural Development Department,Medical Supplies,Belagavi,2024-01-23,2024-02-04,1497272.35,1495647.55,V-1116,Vendor E13,2,1446862.25|1562423.26,496,Open Tender,,,0.999,7.987,916777.42,Completed,,,
T-5448,School Infrastructure Procurement - Kalaburagi Zone,Public Works Department,School Infrastructure,Kalaburagi,2026-05-07,2026-05-19,2129941.13,1936649.43,V-1002,Vendor A3,10,1914387.23|1946004.14|1957462.26|2069727.65|2086166.94|2162732.32|2198357.65|2229440.95|2233188.47|2254590.11,478,Request for Proposal,,,0.909,17.771,1512356.02,Completed,,,
T-5449,IT Equipment Procurement - Bengaluru Zone,Municipal Administration,IT Equipment,Bengaluru,2026-02-28,2026-03-14,3700750.11,3712012.29,V-1013,Vendor A14,6,3669241.39|3773413.5|3873209.67|3874262.83|3899462.74|3923865.99,700,e-Procurement,,,1.003,6.939,2446544.49,Active,,,
T-5450,Road Maintenance - Bengaluru Package 1,Public Works Department,Road Infrastructure,Bengaluru,2025-12-17,2025-12-29,2400000.0,2350000.0,V-1058,Vendor C7,3,1769854.42|1849692.83|1873357.28|1880084.48|1887326.08|1909499.69|1980608.78,602,e-Procurement,,,0.979,11.908,1487430.4,Active,CASE-007,Potential Procurement Splitting,Several similar procurements occur close together and may warrant review as a group.
T-5451,Road Maintenance - Bengaluru Package 2,Public Works Department,Road Infrastructure,Bengaluru,2025-05-07,2025-06-13,2450000.0,2420000.0,V-1017,Vendor A18,3,1001525.41|1086389.53,666,e-Procurement,,,0.988,8.473,1401604.46,Active,CASE-007,Potential Procurement Splitting,Several similar procurements occur close together and may warrant review as a group.
T-5452,Road Maintenance - Bengaluru Package 3,Public Works Department,Road Infrastructure,Bengaluru,2026-08-22,2026-09-18,2500000.0,2490000.0,V-1003,Vendor A4,3,5882026.06|5931324.38|5968836.57|6276965.78|6363707.99|6777040.39|6876916.53,91,Open Tender,,,0.996,16.914,2224052.19,Active,CASE-007,Potential Procurement Splitting,Several similar procurements occur close together and may warrant review as a group.
T-5453,Road Maintenance - Bengaluru Package 4,Public Works Department,Road Infrastructure,Bengaluru,2026-01-15,2026-02-12,2550000.0,2560000.0,V-1089,Vendor D12,3,2903653.99|2963102.78|3057179.51|3083232.53|3091167.16|3106763.21|3123781.46|3141105.08|3196026.68,630,Open Tender,,,1.004,10.069,1900413.09,Completed,CASE-007,Potential Procurement Splitting,Several similar procurements occur close together and may warrant review as a group.
T-5454,Road Infrastructure Procurement - Hubballi Zone,Education Department,Road Infrastructure,Hubballi,2024-06-15,2024-06-30,10489248.07,9421415.76,V-1100,Vendor D23,5,9358961.65|9633059.39|10056423.7|10470191.4|11305766.14,558,e-Procurement,,,0.898,20.802,7838520.47,Completed,,,
T-5455,School Infrastructure Procurement - Udupi Zone,Municipal Administration,School Infrastructure,Udupi,2025-01-21,2025-02-03,4940415.06,4827961.86,V-1055,Vendor C4,4,4791806.29|4806880.36|4970639.23|5001646.4,669,e-Procurement,,,0.977,4.379,4236135.83,Active,,,
T-5456,Water Infrastructure Procurement - Mangaluru Zone,Energy Department,Water Infrastructure,Mangaluru,2024-02-06,2024-03-06,7225634.31,6781093.4,V-1054,Vendor C3,5,6755675.89|6852824.33|6925897.3|7418057.32|7561249.28,213,Open Tender,,,0.938,11.924,5802530.76,Payment Pending,,,
T-5457,Electrical Equipment Procurement - Udupi Zone,Health Department,Electrical Equipment,Udupi,2025-04-19,2025-05-31,2174849.32,1970379.33,V-1058,Vendor C7,8,1914426.09|1966133.06|2085393.92|2095444.83|2146382.52|2206071.14|2207528.56|2220737.19,542,Open Tender,,,0.906,16.0,1500887.83,Completed,,,
T-5458,Office Supplies Procurement - Hubballi Zone,Public Works Department,Office Supplies,Hubballi,2025-03-18,2025-04-12,744082.87,664954.52,V-1007,Vendor A8,7,656545.97|681086.19|696621.38|741140.55|754205.3|789328.32|803225.99,524,Open Tender,,,0.894,22.341,481795.68,Payment Pending,,,
T-5459,Water Infrastructure Procurement - Hubballi Zone,Rural Development Department,Water Infrastructure,Hubballi,2026-04-10,2026-05-24,4401056.63,4181202.4,V-1028,Vendor B3,6,4155069.4|4258492.02|4371008.92|4528176.09|4630821.18|4727808.6,62,Limited Tender,,,0.95,13.784,3007045.33,Completed,,,
T-5460,Electrical Equipment Procurement - Tumakuru Zone,Health Department,Electrical Equipment,Tumakuru,2025-05-03,2025-06-04,1322274.44,1190550.83,V-1090,Vendor D13,6,1175197.02|1249703.03|1292815.47|1323126.55|1340085.79|1423718.62,595,e-Procurement,,,0.9,21.147,997707.74,Completed,,,
T-5461,Electrical Equipment Procurement - Tumakuru Zone,Water Resources Department,Electrical Equipment,Tumakuru,2025-09-01,2025-10-02,1144287.19,1055821.17,V-1085,Vendor D8,5,1052779.51|1080113.15|1124736.16|1142412.37|1164688.31,200,e-Procurement,,,0.923,10.63,815788.1,Active,,,
T-5462,Road Infrastructure Procurement - Bengaluru Zone,Education Department,Road Infrastructure,Bengaluru,2026-02-18,2026-03-12,13520247.11,12165890.57,V-1040,Vendor B15,10,12001549.0|12647993.06|12864551.17|13250811.19|13578287.97|13634569.35|13635985.97|13771186.14|14001237.22|14252956.89,317,Limited Tender,,,0.9,18.759,11339942.32,Active,,,
T-5463,Electrical Equipment Procurement - Mysuru Zone,Municipal Administration,Electrical Equipment,Mysuru,2026-06-06,2026-07-03,3322213.49,2970137.59,V-1096,Vendor D19,7,2959052.1|2972426.5|3244090.71|3275619.86|3332115.69|3546496.34|3564529.41,360,Open Tender,,,0.894,20.462,2802669.03,Active,,,
T-5464,Water Infrastructure Procurement - Belagavi Zone,Transport Department,Water Infrastructure,Belagavi,2025-03-24,2025-04-16,14516622.51,14058798.33,V-1094,Vendor D17,8,13519799.99|13579598.97|13773312.32|13977852.04|14496254.96|14743437.49|14776569.38|15492122.65,632,Limited Tender,,,0.968,14.588,8811382.36,Completed,,,
T-5465,School Infrastructure Procurement - Shivamogga Zone,Energy Department,School Infrastructure,Shivamogga,2024-12-04,2024-12-19,10546868.69,9368554.08,V-1082,Vendor D5,7,9314685.5|9397997.84|9475274.16|9870749.95|9970353.69|10203403.69|10508615.76,247,Open Tender,,,0.888,12.818,5727045.29,Active,,,
T-5466,Vehicle Maintenance Procurement - Mangaluru Zone,Water Resources Department,Vehicle Maintenance,Mangaluru,2024-11-01,2024-11-18,615567.38,565542.85,V-1031,Vendor B6,6,553533.68|558900.78|593969.9|633817.58|652877.0|656647.75,115,Open Tender,,,0.919,18.628,471482.0,Completed,,,
T-5467,Road Infrastructure Procurement - Kalaburagi Zone,Energy Department,Road Infrastructure,Kalaburagi,2026-06-16,2026-07-26,9094002.82,8342608.65,V-1084,Vendor D7,5,8298306.02|8942031.74|9057325.32|9228953.49|9324950.33,661,Request for Proposal,,,0.917,12.372,5719288.6,Active,,,
T-5468,Road Infrastructure Procurement - Mysuru Zone,Health Department,Road Infrastructure,Mysuru,2026-03-03,2026-03-20,16505805.28,16249165.28,V-1091,Vendor D14,6,16239724.06|16372026.59|16390372.02|16514619.26|16735843.3|17698787.02,298,Open Tender,,,0.984,8.985,9072832.31,Completed,,,
T-5469,Vehicle Maintenance Procurement - Tumakuru Zone,Transport Department,Vehicle Maintenance,Tumakuru,2025-12-11,2026-01-24,543034.04,515511.01,V-1054,Vendor C3,9,502828.49|510294.29|514660.5|528912.81|548250.6|559272.54|569143.15|571045.59|578194.75,714,Limited Tender,,,0.949,14.988,489678.34,Active,,,
T-5470,Water Infrastructure Procurement - Belagavi Zone,Health Department,Water Infrastructure,Belagavi,2024-08-15,2024-09-21,5945572.61,5590682.52,V-1082,Vendor D5,8,5545560.96|5698198.43|5827015.37|5949831.13|6039394.75|6245741.29|6342679.0|6367280.38,99,e-Procurement,,,0.94,14.818,3645713.95,Active,,,
T-5471,School Infrastructure Procurement - Shivamogga Zone,Public Works Department,School Infrastructure,Shivamogga,2026-02-04,2026-03-12,7125115.33,6642107.47,V-1068,Vendor C17,5,6422566.51|6434408.21|6719292.62|7295348.54|7675672.89,406,Open Tender,,,0.932,19.511,6430730.99,Active,,,
T-5472,School Infrastructure Procurement - Mysuru Zone,Education Department,School Infrastructure,Mysuru,2024-08-12,2024-08-28,1383489.97,1307243.16,V-1058,Vendor C7,5,1287612.39|1315539.58|1374305.28|1468144.05|1477715.96,595,Limited Tender,,,0.945,14.764,1141021.31,Completed,,,
T-5473,School Infrastructure Procurement - Mangaluru Zone,Municipal Administration,School Infrastructure,Mangaluru,2024-09-23,2024-10-03,6654100.27,6218663.51,V-1024,Vendor A25,2,6022658.33|6394876.65,115,e-Procurement,,,0.935,6.18,5554473.37,Active,,,
T-5474,Water Infrastructure Procurement - Tumakuru Zone,Public Works Department,Water Infrastructure,Tumakuru,2024-11-13,2024-11-29,9247276.33,9174810.98,V-1042,Vendor B17,4,8997025.55|9274169.29|9655517.39|9676650.4,705,Open Tender,,,0.992,7.554,5877913.05,Completed,,,
T-5475,Road Infrastructure Procurement - Shivamogga Zone,Health Department,Road Infrastructure,Shivamogga,2024-09-27,2024-10-16,8204623.3,7516801.04,V-1036,Vendor B11,10,7235166.48|7310864.78|7443843.21|7542819.61|7545186.12|7599694.31|7739216.71|7893705.46|7911092.9|8249352.28,175,Request for Proposal,,,0.916,14.017,4926417.38,Active,,,
T-5476,Office Supplies Procurement - Mysuru Zone,Public Works Department,Office Supplies,Mysuru,2024-09-20,2024-10-27,1044379.89,948816.23,V-1039,Vendor B14,9,928405.34|930343.55|999899.75|1014558.75|1030911.97|1032598.36|1054243.49|1055612.8|1105387.2,512,Open Tender,,,0.908,19.063,744413.21,Completed,,,
T-5477,IT Equipment Procurement - Mysuru Zone,Municipal Administration,IT Equipment,Mysuru,2026-05-28,2026-06-15,10935435.73,10887910.74,V-1112,Vendor E9,5,10588856.81|10696198.09|10724535.08|11376445.65|11479512.12,562,e-Procurement,,,0.996,8.411,6831564.43,Completed,,,
T-5478,Road Infrastructure Procurement - Mangaluru Zone,Health Department,Road Infrastructure,Mangaluru,2024-12-04,2024-12-24,12623619.42,11583179.15,V-1043,Vendor B18,5,11221542.33|11329889.23|11846769.58|11890336.86|13156556.44,224,Open Tender,,,0.918,17.244,7962790.04,Active,,,
T-5479,Road Infrastructure Procurement - Bengaluru Zone,Rural Development Department,Road Infrastructure,Bengaluru,2024-04-05,2024-05-17,6779650.85,6261701.08,V-1044,Vendor B19,10,6074008.72|6120346.02|6208059.4|6319538.16|6523326.64|6844514.53|6931612.65|7123171.01|7136926.86|7241205.46,497,e-Procurement,,,0.924,19.216,4349741.47,Payment Pending,,,
T-5480,Office Supplies Procurement - Belagavi Zone,Water Resources Department,Office Supplies,Belagavi,2025-08-13,2025-09-21,511703.78,490268.01,V-1076,Vendor C25,6,487074.35|487501.67|498947.93|510195.37|515900.37|542534.88,201,e-Procurement,,,0.958,11.386,304865.06,Payment Pending,,,
T-5481,IT Equipment Procurement - Mysuru Zone,Rural Development Department,IT Equipment,Mysuru,2025-11-06,2025-12-14,4360271.06,3943223.25,V-1101,Vendor D24,8,3870692.47|3949515.14|3968117.55|4111677.38|4299060.76|4420746.59|4562216.08|4603470.54,162,Open Tender,,,0.904,18.931,2532859.56,Active,,,
T-5482,Water Infrastructure Procurement - Kalaburagi Zone,Municipal Administration,Water Infrastructure,Kalaburagi,2024-07-29,2024-09-08,3387054.96,3046594.91,V-1042,Vendor B17,8,2993053.53|3163862.79|3219068.27|3258894.9|3397548.71|3491227.63|3525738.59|3600343.1,497,Limited Tender,,,0.899,20.29,2756706.31,Active,,,
T-5483,Office Supplies Procurement - Mangaluru Zone,Water Resources Department,Office Supplies,Mangaluru,2024-03-01,2024-04-04,924392.86,885754.52,V-1040,Vendor B15,8,861451.03|867522.55|916970.98|925979.7|929457.9|940452.61|982315.26|991155.89,699,Open Tender,,,0.958,15.057,553807.5,Completed,,,
T-5484,Vehicle Maintenance Procurement - Bengaluru Zone,Education Department,Vehicle Maintenance,Bengaluru,2024-06-02,2024-06-15,1070021.45,982018.69,V-1051,Vendor B26,4,950117.25|996696.19|1090032.96|1103521.38,270,e-Procurement,,,0.918,16.146,552685.84,Completed,,,
T-5485,School Infrastructure Procurement - Dharwad Zone,Education Department,School Infrastructure,Dharwad,2024-05-07,2024-05-23,4138889.06,3764466.87,V-1030,Vendor B5,10,3651056.66|3812907.74|3819008.65|3849045.8|3867380.07|3920737.46|4018383.09|4129912.95|4240658.9|4259036.72,495,Open Tender,,,0.91,16.652,3136590.4,Completed,,,
T-5486,Vehicle Maintenance Procurement - Tumakuru Zone,Public Works Department,Vehicle Maintenance,Tumakuru,2026-08-16,2026-09-25,1506707.17,1343644.04,V-1087,Vendor D10,8,1338250.74|1406744.99|1430307.86|1461803.22|1538367.09|1583582.2|1619121.19|1621136.85,64,Limited Tender,,,0.892,21.138,1329122.48,Completed,,,
T-5487,IT Equipment Procurement - Dharwad Zone,Transport Department,IT Equipment,Dharwad,2026-01-30,2026-03-08,3014167.1,2847535.64,V-1062,Vendor C11,5,2793821.84|2855207.6|2892174.71|3070332.7|3135560.59,353,Open Tender,,,0.945,12.232,1990559.02,Completed,,,
T-5488,Office Supplies Procurement - Hubballi Zone,Municipal Administration,Office Supplies,Hubballi,2026-08-09,2026-09-09,694885.63,629341.69,V-1048,Vendor B23,6,621112.98|629552.32|640590.3|644975.89|710928.62|725499.07,727,e-Procurement,,,0.906,16.806,379741.67,Active,,,
T-5489,Medical Supplies Procurement - Kalaburagi Zone,Rural Development Department,Medical Supplies,Kalaburagi,2024-04-02,2024-04-27,1666344.87,1534927.79,V-1059,Vendor C8,8,1483728.75|1501547.91|1537636.8|1686583.43|1694029.38|1709562.66|1761074.97|1783191.1,250,Request for Proposal,,,0.921,20.183,1238186.8,Completed,,,
T-5490,Electrical Equipment Procurement - Mangaluru Zone,Education Department,Electrical Equipment,Mangaluru,2026-03-30,2026-04-15,5019373.49,4607725.98,V-1062,Vendor C11,5,4464648.03|4807406.85|5004071.24|5236439.16|5409140.01,144,Open Tender,,,0.918,21.155,4413553.62,Completed,,,
T-5491,Medical Supplies Procurement - Kalaburagi Zone,Transport Department,Medical Supplies,Kalaburagi,2024-09-01,2024-09-28,1184481.27,1105973.82,V-1053,Vendor C2,7,1083020.97|1099715.87|1108784.21|1139053.46|1199491.64|1215539.08|1273019.49,436,e-Procurement,,,0.934,17.543,998503.91,Completed,,,
T-5492,Office Supplies Procurement - Tumakuru Zone,Education Department,Office Supplies,Tumakuru,2024-11-19,2024-12-14,572468.63,527453.37,V-1008,Vendor A9,8,519062.24|539331.51|558190.93|568020.68|568705.07|574269.16|582881.99|594291.47,666,e-Procurement,,,0.921,14.493,437856.0,Completed,,,
T-5493,Medical Supplies Procurement - Dharwad Zone,Education Department,Medical Supplies,Dharwad,2024-11-13,2024-12-27,2358631.78,2185477.82,V-1062,Vendor C11,6,2125409.51|2168412.27|2189566.21|2248209.81|2392690.73|2498099.05,63,Open Tender,,,0.927,17.535,1511859.84,Completed,,,
T-5494,Water Infrastructure Procurement - Hubballi Zone,Education Department,Water Infrastructure,Hubballi,2024-01-19,2024-02-26,5327606.44,4729449.26,V-1040,Vendor B15,4,4709074.16|4785524.26|5546789.28|5687477.37,472,e-Procurement,,,0.888,20.777,3754454.75,Active,,,
T-5495,Medical Supplies Procurement - Kalaburagi Zone,Transport Department,Medical Supplies,Kalaburagi,2024-12-25,2025-01-22,2698491.59,2405520.33,V-1056,Vendor C5,4,2396436.06|2502045.68|2530187.82|2768930.13,122,Request for Proposal,,,0.891,15.544,1421807.28,Completed,,,
T-5496,School Infrastructure Procurement - Bengaluru Zone,Energy Department,School Infrastructure,Bengaluru,2025-09-23,2025-10-18,1303484.46,1210892.51,V-1059,Vendor C8,7,1178415.38|1182308.12|1207218.03|1238502.44|1298896.44|1328301.88|1344605.47,509,Open Tender,,,0.929,14.103,1035949.35,Completed,,,
T-5497,Road Infrastructure Procurement - Mysuru Zone,Education Department,Road Infrastructure,Mysuru,2024-06-13,2024-06-29,18381292.36,18352074.78,V-1109,Vendor E6,4,17775557.89|17894515.11|19392040.68|19656375.23,109,Open Tender,,,0.998,10.581,16081798.49,Active,,,
T-5498,School Infrastructure Procurement - Bengaluru Zone,Transport Department,School Infrastructure,Bengaluru,2026-03-26,2026-04-19,21708470.04,19957913.69,V-1110,Vendor E7,7,19527284.43|19939584.16|20384726.01|20622592.68|22287660.05|22886271.72|23001408.31,115,Open Tender,,,0.919,17.791,19643860.56,Payment Pending,,,
T-5499,Office Supplies Procurement - Belagavi Zone,Transport Department,Office Supplies,Belagavi,2024-05-28,2024-06-19,231651.0,211131.65,V-1095,Vendor D18,7,210925.56|229242.82|233000.02|235234.26|236410.88|236755.35|240578.99,347,Open Tender,,,0.911,14.059,140862.56,Active,,,
T-5500,IT Equipment Procurement - Hubballi Zone,Water Resources Department,IT Equipment,Hubballi,2024-10-19,2024-11-04,3878242.78,3518281.12,V-1051,Vendor B26,7,3493038.65|3571271.04|3604597.94|3968333.42|4026275.06|4035704.12|4185468.43,549,e-Procurement,,,0.907,19.823,1964275.31,Completed,CASE-011,Cross-Department Pattern,Vendor activity shows an unusual concentration across multiple departments.
T-5501,Water Infrastructure Procurement - Kalaburagi Zone,Energy Department,Water Infrastructure,Kalaburagi,2025-10-13,2025-11-20,12301618.06,11038487.05,V-1070,Vendor C19,3,10979740.74|12042679.44|12831787.7,717,Open Tender,,,0.897,16.868,8781379.26,Completed,,,
T-5502,Office Supplies Procurement - Bengaluru Zone,Energy Department,Office Supplies,Bengaluru,2025-10-10,2025-10-29,365351.65,329412.27,V-1087,Vendor D10,8,322821.64|326953.95|345577.21|353753.51|364459.85|383421.7|385340.44|392827.56,561,e-Procurement,,,0.902,21.686,285948.21,Active,,,
T-5503,Electrical Equipment Procurement - Hubballi Zone,Transport Department,Electrical Equipment,Hubballi,2024-02-06,2024-03-08,3024870.01,2736859.12,V-1098,Vendor D21,8,2674154.67|2737324.32|2787581.43|2807238.22|2951919.7|2972663.09|3084322.37|3240321.12,272,Open Tender,,,0.905,21.172,2478727.77,Payment Pending,,,
T-5504,IT Equipment Procurement - Mangaluru Zone,Rural Development Department,IT Equipment,Mangaluru,2024-12-08,2025-01-11,954329.92,856849.27,V-1012,Vendor A13,6,854824.25|872615.18|912609.55|1004003.42|1017288.69|1020328.45,411,Open Tender,,,0.898,19.361,545969.38,Completed,,,
T-5505,Water Infrastructure Procurement - Hubballi Zone,Public Works Department,Water Infrastructure,Hubballi,2024-04-03,2024-04-26,8553357.5,8527896.62,V-1023,Vendor A24,4,8321703.1|8800324.08|9005369.27|9071857.77,199,e-Procurement,,,0.997,9.014,5694833.77,Completed,,,
T-5506,School Infrastructure Procurement - Belagavi Zone,Rural Development Department,School Infrastructure,Belagavi,2025-04-03,2025-05-08,8055200.24,8039285.37,V-1089,Vendor D12,2,7981880.38|8412170.78,402,e-Procurement,,,0.998,5.391,6275996.08,Active,,,
T-5507,Office Supplies Procurement - Dharwad Zone,Energy Department,Office Supplies,Dharwad,2024-04-17,2024-05-21,931959.69,858673.84,V-1115,Vendor E12,6,856902.26|872673.92|879258.34|919072.37|922342.04|979012.26,53,Open Tender,,,0.921,14.25,600015.83,Active,,,
T-5508,Electrical Equipment Procurement - Dharwad Zone,Transport Department,Electrical Equipment,Dharwad,2025-02-24,2025-04-04,5287022.52,4820625.34,V-1037,Vendor B12,7,4719045.61|5127176.47|5155966.5|5295174.9|5381389.55|5565089.27|5676001.82,639,Open Tender,,,0.912,20.279,4518035.5,Completed,,,
T-5509,Electrical Equipment Procurement - Mangaluru Zone,Education Department,Electrical Equipment,Mangaluru,2025-02-26,2025-04-07,2931128.65,2705383.06,V-1044,Vendor B19,2,2618484.09|2923585.57,121,e-Procurement,,,0.923,11.652,2064726.9,Active,,,
T-5510,Electrical Equipment Procurement - Tumakuru Zone,Transport Department,Electrical Equipment,Tumakuru,2024-12-29,2025-02-05,2461781.48,2229603.33,V-1005,Vendor A6,5,2198142.35|2252825.53|2450782.94|2533790.72|2643735.13,333,Request for Proposal,,,0.906,20.271,2028516.27,Completed,,,
T-5511,Water Infrastructure Procurement - Kalaburagi Zone,Water Resources Department,Water Infrastructure,Kalaburagi,2025-01-09,2025-02-03,10924463.04,9739389.98,V-1102,Vendor D25,12,9616989.75|9758764.12|10365295.48|10539770.17|10756865.31|11276832.59|11301162.56|11432447.73|11472387.11|11553109.95|11700630.34|11792153.58,160,Open Tender,,,0.892,22.618,7901361.51,Payment Pending,,,
T-5512,Water Infrastructure Procurement - Kalaburagi Zone,Transport Department,Water Infrastructure,Kalaburagi,2025-09-14,2025-10-25,12947999.08,11726872.85,V-1039,Vendor B14,6,11696908.4|11731726.06|11909782.71|12193474.24|12916155.36|13947218.02,569,Open Tender,,,0.906,19.238,10529448.47,Completed,,,
T-5513,School Infrastructure Procurement - Udupi Zone,Education Department,School Infrastructure,Udupi,2026-01-20,2026-02-14,4768630.23,4388264.52,V-1044,Vendor B19,6,4367740.35|4593351.63|4735318.76|4820153.45|4853615.88|5015332.51,111,e-Procurement,,,0.92,14.827,3070481.16,Completed,,,
T-5514,Road Infrastructure Procurement - Mangaluru Zone,Energy Department,Road Infrastructure,Mangaluru,2025-07-20,2025-08-25,5149194.5,4875205.95,V-1087,Vendor D10,8,4791493.35|4809742.34|4871112.15|5358809.74|5459676.36|5516656.13|5522187.64|5556603.1,204,Open Tender,,,0.947,15.968,4505360.54,Completed,,,
T-5515,Office Supplies Procurement - Bengaluru Zone,Municipal Administration,Office Supplies,Bengaluru,2024-10-26,2024-11-26,547362.09,575820.91,V-1044,Vendor B19,2,560636.48|581059.43,382,e-Procurement,,,1.052,3.643,387848.52,Completed,,,
T-5516,Office Supplies Procurement - Dharwad Zone,Rural Development Department,Office Supplies,Dharwad,2026-03-23,2026-04-18,757596.47,671732.16,V-1014,Vendor A15,6,669417.99|672076.28|687402.95|714641.02|782451.22|808242.3,453,Request for Proposal,,,0.887,20.738,534527.15,Completed,,,
T-5517,IT Equipment Procurement - Bengaluru Zone,Municipal Administration,IT Equipment,Bengaluru,2026-01-25,2026-02-18,1602089.22,1489219.62,V-1032,Vendor B7,2,1464355.28|1511124.16,124,Open Tender,,,0.93,3.194,962487.41,Completed,,,
T-5518,Water Infrastructure Procurement - Dharwad Zone,Health Department,Water Infrastructure,Dharwad,2026-07-13,2026-07-27,5064442.1,4772451.94,V-1023,Vendor A24,4,4644626.16|4748354.16|5116787.97|5178494.76,265,Open Tender,,,0.942,11.494,3646090.93,Completed,,,
T-5519,Vehicle Maintenance Procurement - Mysuru Zone,Public Works Department,Vehicle Maintenance,Mysuru,2024-04-08,2024-05-08,2310401.76,2127112.31,V-1050,Vendor B25,6,2082962.23|2258455.43|2259172.78|2338755.19|2355522.24|2399972.94,178,e-Procurement,,,0.921,15.219,1474469.25,Active,,,
T-5520,Office Supplies Procurement - Hubballi Zone,Rural Development Department,Office Supplies,Hubballi,2026-07-19,2026-08-21,1540636.09,1409806.69,V-1056,Vendor C5,7,1402648.89|1410188.28|1443687.37|1559645.47|1581958.59|1607486.65|1650289.33,261,Open Tender,,,0.915,17.655,944593.81,Active,,,
T-5521,Electrical Equipment Procurement - Udupi Zone,Municipal Administration,Electrical Equipment,Udupi,2025-10-16,2025-11-09,1028893.27,981566.07,V-1043,Vendor B18,3,978985.7|1102896.65|1104899.93,43,Request for Proposal,,,0.954,12.862,966983.2,Completed,,,
T-5522,Office Supplies Procurement - Kalaburagi Zone,Energy Department,Office Supplies,Kalaburagi,2025-07-28,2025-08-13,404103.28,376563.64,V-1104,Vendor E1,4,369393.26|408641.04|426882.97|428140.88,289,e-Procurement,,,0.932,15.904,234235.14,Completed,,,
T-5523,Office Supplies Procurement - Tumakuru Zone,Education Department,Office Supplies,Tumakuru,2026-01-01,2026-01-28,295505.3,274698.79,V-1003,Vendor A4,3,271785.13|276634.91|319105.32,649,Open Tender,,,0.93,17.411,248409.19,Completed,,,
T-5524,School Infrastructure Procurement - Kalaburagi Zone,Transport Department,School Infrastructure,Kalaburagi,2025-08-16,2025-08-29,5646541.08,5494540.22,V-1094,Vendor D17,7,5492444.53|5500096.96|5548378.47|5726436.48|5830391.39|5925881.18|5955491.92,700,e-Procurement,,,0.973,8.431,5455387.4,Payment Pending,,,
T-5525,IT Equipment Procurement - Hubballi Zone,Water Resources Department,IT Equipment,Hubballi,2024-07-11,2024-08-19,2932731.31,2659336.65,V-1002,Vendor A3,2,2581598.63|2872369.42,295,e-Procurement,,,0.907,11.263,1486451.29,Active,,,
T-5526,Electrical Equipment Procurement - Dharwad Zone,Public Works Department,Electrical Equipment,Dharwad,2025-02-02,2025-02-25,2171578.39,2101470.38,V-1073,Vendor C22,4,2092590.1|2292096.32|2306657.39|2342335.57,613,Request for Proposal,,,0.968,11.935,1816852.14,Completed,,,
T-5527,IT Equipment Procurement - Hubballi Zone,Health Department,IT Equipment,Hubballi,2024-09-09,2024-10-23,4842122.46,4654369.26,V-1051,Vendor B26,7,4493571.67|4512481.06|4595620.81|4677968.3|4713555.73|5035577.6|5068841.85,648,Limited Tender,,,0.961,12.802,3089618.31,Completed,,,
T-5528,Medical Supplies Procurement - Kalaburagi Zone,Education Department,Medical Supplies,Kalaburagi,2026-02-01,2026-02-17,910269.98,864546.5,V-1003,Vendor A4,2,849288.25|898653.53,30,e-Procurement,,,0.95,5.813,491252.2,Completed,,,
T-5529,Vehicle Maintenance Procurement - Mangaluru Zone,Transport Department,Vehicle Maintenance,Mangaluru,2025-11-28,2025-12-17,1529951.4,1504618.87,V-1033,Vendor B8,3,1481227.28|1492917.56|1620828.7,138,Limited Tender,,,0.983,9.425,1100328.25,Completed,,,
T-5530,Water Infrastructure Procurement - Mangaluru Zone,Education Department,Water Infrastructure,Mangaluru,2024-07-05,2024-07-21,7817094.06,7152316.36,V-1081,Vendor D4,4,7091562.58|7657077.44|8146554.03|8359867.13,84,Open Tender,,,0.915,17.885,6943812.14,Active,,,
T-5531,IT Equipment Procurement - Bengaluru Zone,Health Department,IT Equipment,Bengaluru,2025-10-29,2025-12-11,3940695.07,3619219.86,V-1012,Vendor A13,6,3606677.35|3716590.6|3733352.97|3929255.97|3945594.65|4104751.76,382,Open Tender,,,0.918,13.81,2009732.13,Completed,,,
T-5532,Road Infrastructure Procurement - Mysuru Zone,Energy Department,Road Infrastructure,Mysuru,2024-06-04,2024-06-26,30634091.47,28163361.73,V-1066,Vendor C15,8,27344973.57|29101469.32|29504792.0|29773247.61|30802616.68|30929077.81|31763926.49|32554916.19,632,e-Procurement,,,0.919,19.053,22940425.78,Completed,,,
T-5533,Water Infrastructure Procurement - Belagavi Zone,Municipal Administration,Water Infrastructure,Belagavi,2025-09-04,2025-10-16,4270672.13,4061186.98,V-1047,Vendor B22,9,4025749.72|4122558.3|4181600.44|4206981.03|4348830.17|4401923.67|4480127.72|4512690.86|4517618.93,315,e-Procurement,,,0.951,12.218,3149972.02,Active,,,
T-5534,IT Equipment Procurement - Tumakuru Zone,Transport Department,IT Equipment,Tumakuru,2026-08-02,2026-08-20,1794200.59,1697661.49,V-1059,Vendor C8,4,1633785.38|1731288.39|1761993.65|1868266.2,100,Limited Tender,,,0.946,14.352,1600933.62,Completed,,,
T-5535,Road Infrastructure Procurement - Belagavi Zone,Health Department,Road Infrastructure,Belagavi,2024-01-13,2024-02-08,20286399.83,18118505.47,V-1022,Vendor A23,10,17976895.36|18798399.26|18996816.05|19802461.5|20357251.09|20724102.01|20830373.68|20886567.5|20938247.87|21631651.78,363,e-Procurement,,,0.893,20.33,10650071.49,Completed,,,
T-5536,Medical Supplies Procurement - Mangaluru Zone,Municipal Administration,Medical Supplies,Mangaluru,2025-02-23,2025-03-26,3960046.23,3523389.83,V-1085,Vendor D8,5,3500372.41|3874410.99|3899186.78|4016570.35|4196571.02,434,e-Procurement,,,0.89,19.889,3018441.25,Payment Pending,,,
T-5537,Vehicle Maintenance Procurement - Tumakuru Zone,Water Resources Department,Vehicle Maintenance,Tumakuru,2026-07-01,2026-08-05,884780.46,805552.92,V-1063,Vendor C12,6,800968.77|819419.72|838589.6|915371.56|946313.9|950907.56,594,e-Procurement,,,0.91,18.72,689593.07,Active,,,
T-5538,Office Supplies Procurement - Belagavi Zone,Education Department,Office Supplies,Belagavi,2026-03-01,2026-03-12,1833697.32,1676729.51,V-1052,Vendor C1,6,1655310.6|1738904.74|1744354.63|1800405.65|1843803.21|1967418.91,497,Limited Tender,,,0.914,18.855,1427041.02,Active,,,
T-5539,Medical Supplies Procurement - Mangaluru Zone,Public Works Department,Medical Supplies,Mangaluru,2026-07-28,2026-08-20,1671375.18,1674056.42,V-1049,Vendor B24,2,1655383.73|1722458.09,162,Limited Tender,,,1.002,4.052,1630615.53,Completed,,,
T-5540,School Infrastructure Procurement - Shivamogga Zone,Health Department,School Infrastructure,Shivamogga,2025-08-14,2025-09-03,1986993.01,1798763.08,V-1019,Vendor A20,9,1777304.99|1781885.15|1799095.98|1884569.72|1890521.31|1977874.04|1981501.89|2097680.74|2143092.76,317,Open Tender,,,0.905,20.581,1655562.45,Active,,,
T-5541,Electrical Equipment Procurement - Bengaluru Zone,Municipal Administration,Electrical Equipment,Bengaluru,2024-11-04,2024-11-26,1270620.44,1150118.26,V-1026,Vendor B1,2,1120246.4|1316352.73,402,e-Procurement,,,0.905,17.506,654288.16,Payment Pending,,,
T-5542,Road Infrastructure Procurement - Tumakuru Zone,Water Resources Department,Road Infrastructure,Tumakuru,2025-09-19,2025-10-16,10716973.28,9679382.97,V-1024,Vendor A25,2,9608124.57|9701367.71,283,Open Tender,,,0.903,0.97,7375566.73,Active,,,
T-5543,Medical Supplies Procurement - Hubballi Zone,Water Resources Department,Medical Supplies,Hubballi,2025-11-19,2025-12-24,1382575.35,1268266.81,V-1008,Vendor A9,6,1245634.73|1332822.63|1338544.54|1384775.78|1471135.49|1491676.9,75,e-Procurement,,,0.917,19.752,924666.54,Completed,,,
T-5544,IT Equipment Procurement - Hubballi Zone,Municipal Administration,IT Equipment,Hubballi,2026-04-10,2026-04-24,2210169.18,2058003.26,V-1028,Vendor B3,3,2004170.3|2099765.31|2350337.45,516,Request for Proposal,,,0.931,17.272,1419129.59,Completed,,,
T-5545,IT Equipment Procurement - Kalaburagi Zone,Education Department,IT Equipment,Kalaburagi,2024-10-29,2024-11-13,1254205.36,1193400.21,V-1112,Vendor E9,5,1193053.14|1240765.54|1333008.7|1337791.89|1339080.34,649,Open Tender,,,0.952,12.24,898751.52,Completed,,,
T-5546,Electrical Equipment Procurement - Udupi Zone,Transport Department,Electrical Equipment,Udupi,2025-04-22,2025-05-05,1886669.41,1702592.85,V-1008,Vendor A9,6,1679845.95|1719935.6|1782924.35|1850008.81|1859209.31|2015805.79,625,Open Tender,,,0.902,19.999,1230782.89,Active,,,
T-5547,IT Equipment Procurement - Belagavi Zone,Energy Department,IT Equipment,Belagavi,2024-05-19,2024-06-10,2934535.49,2656503.48,V-1001,Vendor A2,7,2593849.16|2598736.46|2666966.87|2697253.5|3054860.17|3069928.85|3154436.9,176,Open Tender,,,0.905,21.612,1977900.34,Completed,,,
T-5548,Office Supplies Procurement - Hubballi Zone,Public Works Department,Office Supplies,Hubballi,2024-01-25,2024-02-11,583143.75,516063.4,V-1112,Vendor E9,7,513857.9|525796.15|554791.29|562252.89|582262.12|597967.78|611998.42,549,Open Tender,,,0.885,19.099,511247.41,Completed,,,
T-5549,School Infrastructure Procurement - Udupi Zone,Health Department,School Infrastructure,Udupi,2025-11-30,2025-12-25,3727108.38,3542964.36,V-1086,Vendor D9,5,3463042.99|3506055.98|3862419.66|3923851.86|3973699.59,372,Open Tender,,,0.951,14.746,2089940.96,Active,,,
T-5550,Water Infrastructure Procurement - Hubballi Zone,Rural Development Department,Water Infrastructure,Hubballi,2025-05-23,2025-06-10,11099157.17,10321548.28,V-1004,Vendor A5,3,10242869.25|10523961.14|11509727.45,648,Open Tender,,,0.93,12.368,9960334.26,Payment Pending,,,
T-5551,Road Infrastructure Procurement - Bengaluru Zone,Public Works Department,Road Infrastructure,Bengaluru,2024-05-16,2024-06-10,10449825.24,9837578.63,V-1106,Vendor E3,11,9547442.79|9744269.38|9750341.33|9974415.56|10019246.1|10344260.21|10465937.01|10544706.88|10613718.73|10632430.64|10645958.81,615,Limited Tender,,,0.941,11.506,7536633.14,Active,,,
T-5552,School Infrastructure Procurement - Mangaluru Zone,Energy Department,School Infrastructure,Mangaluru,2025-11-14,2025-12-08,4838041.67,4453568.28,V-1034,Vendor B9,11,4361905.37|4417490.47|4454595.32|4501490.06|4543952.13|4586835.88|4718607.78|4755726.74|5141462.37|5159233.59|5203519.74,575,Limited Tender,,,0.921,19.295,3699507.96,Completed,,,
T-5553,Road Infrastructure Procurement - Tumakuru Zone,Energy Department,Road Infrastructure,Tumakuru,2025-06-15,2025-07-13,24545351.38,22365097.05,V-1000,Vendor A1,5,21790742.93|21964392.27|22109346.55|22844148.08|25590631.89,592,Open Tender,,,0.911,17.438,20656008.56,Completed,,,
T-5554,School Infrastructure Procurement - Mangaluru Zone,Transport Department,School Infrastructure,Mangaluru,2024-02-11,2024-03-08,4555336.41,4130721.58,V-1119,Vendor E16,9,4113043.19|4325957.58|4340232.88|4396406.08|4422567.23|4655745.0|4664262.17|4767865.0|4917021.47,691,e-Procurement,,,0.907,19.547,2941934.45,Active,,,
T-5555,Road Infrastructure Procurement - Belagavi Zone,Health Department,Road Infrastructure,Belagavi,2025-10-22,2025-11-15,6151091.98,5736681.87,V-1025,Vendor A26,6,5550245.84|5791528.9|5944853.24|6049516.0|6554063.98|6632967.86,110,Open Tender,,,0.933,19.508,4266312.13,Payment Pending,,,
T-5556,Water Infrastructure Procurement - Shivamogga Zone,Energy Department,Water Infrastructure,Shivamogga,2025-07-27,2025-08-21,8665472.93,9109453.24,V-1014,Vendor A15,2,8968562.46|9103367.28,389,Limited Tender,,,1.051,1.503,6688919.53,Completed,,,
T-5557,Water Infrastructure Procurement - Tumakuru Zone,Health Department,Water Infrastructure,Tumakuru,2025-03-22,2025-05-05,7114316.75,6513489.93,V-1036,Vendor B11,8,6324792.47|6412681.91|7005124.1|7199857.74|7264413.96|7282851.05|7450225.3|7588757.74,332,Open Tender,,,0.916,19.984,4680782.5,Active,,,
T-5558,Road Infrastructure Procurement - Dharwad Zone,Water Resources Department,Road Infrastructure,Dharwad,2024-01-05,2024-01-18,6480041.38,6032031.85,V-1020,Vendor A21,6,5814216.05|6076901.18|6334728.53|6367573.75|6612447.2|6832693.09,191,Limited Tender,,,0.931,17.517,5829887.57,Completed,,,
T-5559,Office Supplies Procurement - Mangaluru Zone,Transport Department,Office Supplies,Mangaluru,2024-06-15,2024-07-21,476497.96,442825.28,V-1001,Vendor A2,8,442085.73|444630.68|460564.02|466308.21|486442.75|495527.23|495821.45|507997.27,91,Open Tender,,,0.929,14.909,408735.9,Completed,,,
T-5560,Electrical Equipment Procurement - Shivamogga Zone,Education Department,Electrical Equipment,Shivamogga,2025-09-11,2025-09-30,1584784.52,1577601.64,V-1093,Vendor D16,3,1519158.84|1602991.9|1678307.96,397,e-Procurement,,,0.995,10.476,945062.26,Completed,,,
T-5561,Office Supplies Procurement - Udupi Zone,Energy Department,Office Supplies,Udupi,2025-12-21,2026-01-28,1094863.04,1038080.59,V-1022,Vendor A23,4,1018721.66|1091957.61|1112215.96|1137762.65,56,e-Procurement,,,0.948,11.685,621452.66,Completed,,,
T-5562,Medical Supplies Procurement - Kalaburagi Zone,Transport Department,Medical Supplies,Kalaburagi,2026-05-23,2026-06-05,1813918.45,1672090.38,V-1023,Vendor A24,8,1619093.24|1663491.64|1748570.36|1780601.77|1825866.33|1826372.58|1880854.08|1898858.9,202,Open Tender,,,0.922,17.279,1241596.13,Active,,,
T-5563,Medical Supplies Procurement - Hubballi Zone,Water Resources Department,Medical Supplies,Hubballi,2024-08-04,2024-08-30,1016408.69,917550.63,V-1072,Vendor C21,11,916440.15|921286.42|938952.28|948491.29|950748.25|962236.62|965285.19|983566.46|995379.16|1003175.88|1084164.6,258,e-Procurement,,,0.903,18.302,545388.26,Active,,,
T-5564,Medical Supplies Procurement - Mangaluru Zone,Water Resources Department,Medical Supplies,Mangaluru,2025-03-07,2025-03-17,1687210.3,1560361.63,V-1064,Vendor C13,7,1541199.58|1545887.69|1549362.99|1561305.91|1639794.05|1711487.19|1819412.97,118,e-Procurement,,,0.925,18.052,1292903.0,Completed,,,
T-5565,School Infrastructure Procurement - Udupi Zone,Transport Department,School Infrastructure,Udupi,2025-06-05,2025-06-17,5721782.04,5285538.79,V-1026,Vendor B1,8,5179420.54|5210303.47|5508020.13|5613738.58|5650571.59|5983204.01|6036720.14|6038588.57,411,Request for Proposal,,,0.924,16.588,3248815.74,Active,,,
T-5566,School Infrastructure Procurement - Dharwad Zone,Education Department,School Infrastructure,Dharwad,2024-11-20,2024-12-03,9718475.41,9224743.57,V-1098,Vendor D21,7,9032279.56|9170649.2|9429687.03|9711703.57|9779463.57|9785600.79|10087555.38,574,Open Tender,,,0.949,11.683,7242050.7,Completed,,,
T-5567,Water Infrastructure Procurement - Mangaluru Zone,Transport Department,Water Infrastructure,Mangaluru,2026-07-27,2026-08-11,9869888.85,9075978.44,V-1011,Vendor A12,6,8795399.09|8880012.56|8923051.54|9126741.14|9191015.05|10180716.37,409,Open Tender,,,0.92,15.75,5021275.78,Active,,,
T-5568,Electrical Equipment Procurement - Mysuru Zone,Transport Department,Electrical Equipment,Mysuru,2024-01-13,2024-02-17,2259938.56,2069788.75,V-1027,Vendor B2,10,2007880.61|2078863.62|2101081.04|2126220.37|2127802.26|2192260.27|2209856.75|2211359.76|2275096.1|2402263.23,241,Open Tender,,,0.916,19.642,1433263.21,Completed,,,
T-5569,Road Infrastructure Procurement - Belagavi Zone,Education Department,Road Infrastructure,Belagavi,2025-04-30,2025-05-23,12618868.58,11343243.55,V-1058,Vendor C7,5,11217546.85|11852753.66|12702868.56|12839420.95|13150679.88,79,Open Tender,,,0.899,17.233,9695476.64,Completed,,,
T-5570,Office Supplies Procurement - Shivamogga Zone,Water Resources Department,Office Supplies,Shivamogga,2026-04-25,2026-05-17,420127.97,402640.27,V-1099,Vendor D22,10,393060.54|412849.73|423798.14|423881.58|438262.42|439060.72|440371.74|444769.87|448259.65|453458.62,203,Limited Tender,,,0.958,15.366,309154.25,Completed,,,
T-5571,Vehicle Maintenance Procurement - Dharwad Zone,Public Works Department,Vehicle Maintenance,Dharwad,2025-03-16,2025-04-20,1155351.55,1045246.33,V-1066,Vendor C15,7,1039468.55|1077971.48|1131102.09|1133438.16|1189557.98|1212318.35|1234707.59,351,e-Procurement,,,0.905,18.783,1035025.15,Active,,,
T-5572,Office Supplies Procurement - Udupi Zone,Public Works Department,Office Supplies,Udupi,2025-10-01,2025-11-06,1437387.25,1312768.88,V-1000,Vendor A1,4,1293628.94|1370648.55|1424526.46|1496325.21,687,e-Procurement,,,0.913,15.669,1238396.2,Active,,,
T-5573,Medical Supplies Procurement - Hubballi Zone,Energy Department,Medical Supplies,Hubballi,2025-08-16,2025-09-23,1165967.6,1093525.38,V-1079,Vendor D2,6,1074561.47|1104803.46|1188279.01|1202128.5|1204627.43|1214862.28,669,Open Tender,,,0.938,13.057,778132.81,Active,,,
T-5574,Vehicle Maintenance Procurement - Hubballi Zone,Water Resources Department,Vehicle Maintenance,Hubballi,2024-03-10,2024-03-22,966504.54,1003246.58,V-1003,Vendor A4,2,984651.76|1021442.08,247,Open Tender,,,1.038,3.736,572321.02,Active,,,
T-5575,School Infrastructure Procurement - Bengaluru Zone,Education Department,School Infrastructure,Bengaluru,2024-02-26,2024-04-02,7511939.43,7003623.12,V-1111,Vendor E8,7,6953665.55|7054615.98|7381555.81|7453064.37|7490752.16|7670235.06|7845786.78,54,Open Tender,,,0.932,12.83,6517094.27,Active,,,
T-5576,Electrical Equipment Procurement - Mangaluru Zone,Energy Department,Electrical Equipment,Mangaluru,2025-03-09,2025-04-14,4721954.71,4326202.71,V-1031,Vendor B6,7,4230735.82|4573855.39|4620932.36|4736336.08|4752832.55|4890041.59|4970215.52,239,Open Tender,,,0.916,17.479,4153394.44,Completed,,,
T-5577,Road Infrastructure Procurement - Mangaluru Zone,Rural Development Department,Road Infrastructure,Mangaluru,2024-06-03,2024-07-04,6060907.02,5782349.14,V-1006,Vendor A7,7,5618954.47|5656006.99|5893796.27|5999260.34|6439695.59|6484094.65|6544103.52,388,Open Tender,,,0.954,16.465,5315611.37,Completed,,,
T-5578,Water Infrastructure Procurement - Bengaluru Zone,Education Department,Water Infrastructure,Bengaluru,2025-05-30,2025-07-01,4740698.21,4231972.41,V-1041,Vendor B16,6,4182270.94|4183756.28|4262842.42|4342817.07|4467755.62|4969688.85,259,Open Tender,,,0.893,18.828,2571251.1,Completed,,,
T-5579,Road Infrastructure Procurement - Udupi Zone,Municipal Administration,Road Infrastructure,Udupi,2026-05-30,2026-07-10,7343318.26,6710422.52,V-1047,Vendor B22,6,6566206.76|6850441.05|7222096.25|7237022.93|7340648.89|7819685.7,334,Request for Proposal,,,0.914,19.09,6704126.87,Completed,,,
T-5580,Vehicle Maintenance Procurement - Hubballi Zone,Public Works Department,Vehicle Maintenance,Hubballi,2025-10-29,2025-11-13,825219.53,764327.54,V-1004,Vendor A5,7,757365.06|774162.03|775103.63|775292.53|841912.25|845943.8|862005.84,308,Request for Proposal,,,0.926,13.816,509319.52,Completed,,,
T-5581,Office Supplies Procurement - Tumakuru Zone,Water Resources Department,Office Supplies,Tumakuru,2024-06-08,2024-07-13,411288.74,382473.14,V-1051,Vendor B26,9,367901.64|385214.43|387012.78|391135.18|397960.02|417310.36|427137.96|429812.6|434942.98,434,Open Tender,,,0.93,18.223,335005.24,Completed,,,
T-5582,School Infrastructure Procurement - Kalaburagi Zone,Transport Department,School Infrastructure,Kalaburagi,2024-05-11,2024-06-22,7297211.48,7138865.25,V-1044,Vendor B19,4,6947152.73|7100238.32|7169028.59|7748565.96,532,Open Tender,,,0.978,11.536,6843428.27,Completed,,,
T-5583,Electrical Equipment Procurement - Hubballi Zone,Education Department,Electrical Equipment,Hubballi,2025-12-20,2026-01-15,1475216.83,1362622.42,V-1081,Vendor D4,6,1329452.4|1331306.8|1384114.32|1479401.65|1535500.19|1563508.65,228,Open Tender,,,0.924,17.605,893960.98,Completed,,,
T-5584,Electrical Equipment Procurement - Udupi Zone,Water Resources Department,Electrical Equipment,Udupi,2025-05-25,2025-06-24,3919066.71,3650625.36,V-1044,Vendor B19,4,3589222.13|3812681.59|3837015.29|3955960.94,709,Limited Tender,,,0.932,10.218,3499914.22,Completed,,,
T-5585,Water Infrastructure Procurement - Bengaluru Zone,Health Department,Water Infrastructure,Bengaluru,2024-06-13,2024-07-05,4181634.79,3822565.42,V-1042,Vendor B17,7,3743292.12|3837918.87|4072439.65|4125024.04|4201516.12|4263775.03|4282264.09,457,Request for Proposal,,,0.914,14.398,2634767.09,Active,,,
T-5586,IT Equipment Procurement - Dharwad Zone,Energy Department,IT Equipment,Dharwad,2024-02-22,2024-03-25,1831793.17,1709094.05,V-1043,Vendor B18,2,1646585.11|1974261.14,87,Request for Proposal,,,0.933,19.9,1690953.64,Active,,,
T-5587,Vehicle Maintenance Procurement - Mangaluru Zone,Water Resources Department,Vehicle Maintenance,Mangaluru,2024-03-15,2024-04-22,530184.18,531965.35,V-1072,Vendor C21,2,530452.01|537681.31,193,Open Tender,,,1.003,1.363,359910.21,Completed,,,
T-5588,School Infrastructure Procurement - Mysuru Zone,Rural Development Department,School Infrastructure,Mysuru,2024-07-06,2024-08-17,4419085.31,4014924.54,V-1039,Vendor B14,5,3975413.93|4162760.8|4187477.13|4510951.09|4712992.59,455,Open Tender,,,0.909,18.554,3930796.3,Active,,,
T-5589,Vehicle Maintenance Procurement - Mysuru Zone,Health Department,Vehicle Maintenance,Mysuru,2024-12-06,2025-01-15,520758.99,470086.16,V-1093,Vendor D16,8,468932.47|493708.16|497758.19|500153.22|509945.52|522928.74|544164.31|551066.68,713,Open Tender,,,0.903,17.515,269874.16,Completed,,,
T-5590,Medical Supplies Procurement - Mysuru Zone,Municipal Administration,Medical Supplies,Mysuru,2026-07-31,2026-09-05,1208149.01,1069525.41,V-1005,Vendor A6,4,1066602.8|1100241.39|1144653.51|1164930.11,97,Open Tender,,,0.885,9.219,929601.97,Completed,,,
T-5591,Vehicle Maintenance Procurement - Kalaburagi Zone,Energy Department,Vehicle Maintenance,Kalaburagi,2025-07-31,2025-08-21,1477716.13,1326523.26,V-1080,Vendor D3,5,1316656.21|1319424.69|1345695.83|1509594.04|1570738.9,38,Limited Tender,,,0.898,19.298,1047223.8,Active,,,
T-5592,Vehicle Maintenance Procurement - Dharwad Zone,Energy Department,Vehicle Maintenance,Dharwad,2024-10-16,2024-11-21,350379.99,334387.89,V-1078,Vendor D1,6,322725.77|325592.06|342917.54|357367.48|359996.36|365364.28,222,e-Procurement,,,0.954,13.212,255821.68,Active,,,
T-5593,Water Infrastructure Procurement - Dharwad Zone,Water Resources Department,Water Infrastructure,Dharwad,2026-03-04,2026-04-01,3766648.74,3629443.94,V-1020,Vendor A21,8,3490584.88|3524645.93|3606240.21|3636422.53|3669409.56|3738505.09|3919549.29|4006092.66,93,e-Procurement,,,0.964,14.769,2361216.21,Completed,,,
T-5594,Medical Supplies Procurement - Shivamogga Zone,Rural Development Department,Medical Supplies,Shivamogga,2025-04-02,2025-05-16,1756957.49,1605262.51,V-1049,Vendor B24,6,1578966.43|1603130.78|1613996.58|1724576.82|1780825.57|1824317.52,398,Request for Proposal,,,0.914,15.539,1392594.29,Completed,,,
T-5595,Vehicle Maintenance Procurement - Hubballi Zone,Water Resources Department,Vehicle Maintenance,Hubballi,2026-03-01,2026-03-20,1685102.2,1583509.35,V-1047,Vendor B22,7,1548801.24|1558681.37|1657954.79|1672527.54|1699147.76|1758323.01|1801356.53,65,Open Tender,,,0.94,16.307,1006897.02,Active,,,
T-5596,Electrical Equipment Procurement - Dharwad Zone,Public Works Department,Electrical Equipment,Dharwad,2025-05-11,2025-05-22,3254484.75,3253503.53,V-1092,Vendor D15,4,3199213.43|3239993.03|3286725.25|3310271.32,716,Limited Tender,,,1.0,3.471,2598829.67,Completed,,,
T-5597,Office Supplies Procurement - Udupi Zone,Education Department,Office Supplies,Udupi,2025-07-15,2025-08-07,1346834.4,1284032.28,V-1003,Vendor A4,4,1269532.94|1306586.27|1334427.83|1406059.6,204,Open Tender,,,0.953,10.754,852546.6,Completed,,,
T-5598,Electrical Equipment Procurement - Bengaluru Zone,Health Department,Electrical Equipment,Bengaluru,2025-06-30,2025-07-10,711326.62,658406.34,V-1049,Vendor B24,4,655404.43|700369.56|735110.44|754039.63,524,e-Procurement,,,0.926,15.05,645257.72,Active,,,
T-5599,School Infrastructure Procurement - Udupi Zone,Water Resources Department,School Infrastructure,Udupi,2025-01-10,2025-01-25,3283877.89,3039496.01,V-1085,Vendor D8,9,2982354.82|2986228.27|3032926.88|3166810.92|3218185.4|3315186.39|3457964.49|3508255.32|3524151.87,336,Open Tender,,,0.926,18.167,1710883.79,Active,,,
